Date,Open,High,Low,Close,Adj Close,Volume
1/4/2016,"4,990.00","5,025.00","4,885.00","4,890.00","4,102.94",13.66
1/5/2016,"4,890.00","4,975.00","4,890.00","4,950.00","4,153.28",26.46
1/6/2016,"4,960.00","5,200.00","4,935.00","5,050.00","4,237.19",36.38
1/7/2016,"5,000.00","5,075.00","4,985.00","4,985.00","4,182.65",18.65
1/8/2016,"5,000.00","5,050.00","4,975.00","5,000.00","4,195.24",24.35
1/11/2016,"4,975.00","4,975.00","4,925.00","4,935.00","4,140.70",21.52
1/12/2016,"4,975.00","5,000.00","4,920.00","4,920.00","4,128.11",21.76
1/13/2016,"4,990.00","5,025.00","4,945.00","4,985.00","4,182.65",25.42
1/14/2016,"4,930.00","5,050.00","4,885.00","5,025.00","4,216.21",46.65
1/15/2016,"5,050.00","5,075.00","4,975.00","4,975.00","4,174.26",18.45
1/18/2016,"4,930.00","4,970.00","4,915.00","4,920.00","4,128.11",23.96
1/19/2016,"4,920.00","4,960.00","4,910.00","4,960.00","4,161.67",9.84
1/20/2016,"4,940.00","4,945.00","4,850.00","4,850.00","4,069.38",33.40
1/21/2016,"4,875.00","4,925.00","4,865.00","4,870.00","4,086.16",17.10
1/22/2016,"4,925.00","5,025.00","4,920.00","5,000.00","4,195.24",35.58
1/25/2016,"5,050.00","5,150.00","5,000.00","5,025.00","4,216.21",42.40
1/26/2016,"4,980.00","5,025.00","4,905.00","4,930.00","4,136.50",26.39
1/27/2016,"4,960.00","4,985.00","4,915.00","4,950.00","4,153.28",17.88
1/28/2016,"4,950.00","4,965.00","4,905.00","4,960.00","4,161.67",22.21
1/29/2016,"4,960.00","4,980.00","4,875.00","4,910.00","4,119.72",50.07
2/1/2016,"4,950.00","4,955.00","4,835.00","4,880.00","4,094.55",38.57
2/2/2016,"4,880.00","4,925.00","4,875.00","4,890.00","4,102.94",16.57
2/3/2016,"4,845.00","4,880.00","4,840.00","4,870.00","4,086.16",33.17
2/4/2016,"4,905.00","4,955.00","4,890.00","4,950.00","4,153.28",33.35
2/5/2016,"4,960.00","5,325.00","4,955.00","5,275.00","4,425.97",113.31
2/9/2016,"5,225.00","5,425.00","5,200.00","5,300.00","4,446.95",56.09
2/10/2016,"5,250.00","5,375.00","5,250.00","5,325.00","4,467.93",17.26
2/11/2016,"5,300.00","5,500.00","5,300.00","5,400.00","4,530.86",55.33
2/12/2016,"5,350.00","5,500.00","5,275.00","5,275.00","4,425.97",25.99
2/15/2016,"5,375.00","5,425.00","5,350.00","5,400.00","4,530.86",24.62
2/16/2016,"5,375.00","5,475.00","5,325.00","5,400.00","4,530.86",14.71
2/17/2016,"5,425.00","5,550.00","5,400.00","5,475.00","4,593.78",31.71
2/18/2016,"5,550.00","5,675.00","5,450.00","5,450.00","4,572.81",52.62
2/19/2016,"5,150.00","5,250.00","5,100.00","5,100.00","4,279.14",119.55
2/22/2016,"5,125.00","5,150.00","4,985.00","5,000.00","4,195.24",54.93
2/23/2016,"5,025.00","5,050.00","4,880.00","4,955.00","4,157.48",48.32
2/24/2016,"4,970.00","5,125.00","4,965.00","5,125.00","4,300.12",32.58
2/25/2016,"5,100.00","5,125.00","4,980.00","5,000.00","4,195.24",19.02
2/26/2016,"5,050.00","5,075.00","5,000.00","5,025.00","4,216.21",27.10
2/29/2016,"5,050.00","5,075.00","5,000.00","5,075.00","4,258.17",25.26
3/1/2016,"5,075.00","5,100.00","4,965.00","4,990.00","4,186.85",34.58
3/2/2016,"5,025.00","5,075.00","4,990.00","5,000.00","4,195.24",38.14
3/3/2016,"5,050.00","5,200.00","5,050.00","5,150.00","4,321.09",47.90
3/4/2016,"5,175.00","5,300.00","5,175.00","5,275.00","4,425.97",36.42
3/7/2016,"5,300.00","5,375.00","5,275.00","5,300.00","4,446.95",34.77
3/8/2016,"5,325.00","5,350.00","5,175.00","5,275.00","4,425.97",26.22
3/10/2016,"5,250.00","5,275.00","5,175.00","5,250.00","4,405.00",23.57
3/11/2016,"5,250.00","5,250.00","5,250.00","5,250.00","4,405.00",0.00
3/14/2016,"5,250.00","5,250.00","5,250.00","5,250.00","4,405.00",0.00
3/15/2016,"5,375.00","5,375.00","5,300.00","5,350.00","4,488.90",16.13
3/16/2016,"5,400.00","5,400.00","5,325.00","5,350.00","4,488.90",29.00
3/17/2016,"5,400.00","5,425.00","5,375.00","5,375.00","4,509.88",46.28
3/18/2016,"5,300.00","5,400.00","5,275.00","5,375.00","4,615.09",34.66
3/21/2016,"5,400.00","5,450.00","5,350.00","5,375.00","4,615.09",21.80
3/22/2016,"5,400.00","5,425.00","5,350.00","5,375.00","4,615.09",30.53
3/23/2016,"5,425.00","5,425.00","5,250.00","5,300.00","4,550.69",22.58
3/24/2016,"5,300.00","5,300.00","5,125.00","5,150.00","4,421.90",20.90
3/28/2016,"5,100.00","5,150.00","5,075.00","5,100.00","4,378.97",8.74
3/29/2016,"5,075.00","5,125.00","5,000.00","5,050.00","4,336.04",13.97
3/30/2016,"5,100.00","5,175.00","5,075.00","5,175.00","4,443.37",24.92
3/31/2016,"5,200.00","5,225.00","5,150.00","5,200.00","4,464.83",27.79
4/1/2016,"5,100.00","5,150.00","5,050.00","5,100.00","4,378.97",19.40
4/4/2016,"5,125.00","5,150.00","5,075.00","5,125.00","4,400.43",14.51
4/5/2016,"5,125.00","5,275.00","5,100.00","5,200.00","4,464.83",32.55
4/6/2016,"5,225.00","5,275.00","5,200.00","5,200.00","4,464.83",16.33
4/7/2016,"5,275.00","5,300.00","5,250.00","5,275.00","4,529.23",35.76
4/8/2016,"5,275.00","5,275.00","5,150.00","5,200.00","4,464.83",23.82
4/11/2016,"5,200.00","5,200.00","5,200.00","5,200.00","4,464.83",0.00
4/12/2016,"5,100.00","5,175.00","5,050.00","5,100.00","4,378.97",23.05
4/13/2016,"5,100.00","5,100.00","5,100.00","5,100.00","4,378.97",0.00
4/14/2016,"5,100.00","5,100.00","5,100.00","5,100.00","4,378.97",0.00
4/15/2016,"5,100.00","5,100.00","5,100.00","5,100.00","4,378.97",0.00
4/18/2016,"5,100.00","5,100.00","5,100.00","5,100.00","4,378.97",0.00
4/19/2016,"5,100.00","5,100.00","5,100.00","5,100.00","4,378.97",0.00
4/20/2016,"4,915.00","4,940.00","4,890.00","4,910.00","4,215.83",57.42
4/21/2016,"4,910.00","4,965.00","4,905.00","4,930.00","4,233.00",40.49
4/22/2016,"4,930.00","4,935.00","4,880.00","4,895.00","4,202.95",39.20
4/25/2016,"4,895.00","4,915.00","4,770.00","4,795.00","4,117.09",58.93
4/26/2016,"4,785.00","4,785.00","4,605.00","4,650.00","3,992.59",88.22
4/27/2016,"4,650.00","4,695.00","4,610.00","4,610.00","3,958.24",51.27
4/28/2016,"4,675.00","4,680.00","4,610.00","4,620.00","3,966.83",40.00
4/29/2016,"4,625.00","4,630.00","4,570.00","4,585.00","3,936.78",24.10
5/2/2016,"4,580.00","4,580.00","4,470.00","4,490.00","3,855.21",33.07
5/3/2016,"4,500.00","4,670.00","4,500.00","4,630.00","3,975.42",71.80
5/4/2016,"4,630.00","4,650.00","4,520.00","4,620.00","3,966.83",42.59
5/9/2016,"4,650.00","4,650.00","4,470.00","4,490.00","3,855.21",39.95
5/10/2016,"4,500.00","4,570.00","4,450.00","4,560.00","3,915.31",33.09
5/11/2016,"4,680.00","4,680.00","4,560.00","4,680.00","4,018.35",43.83
5/12/2016,"4,650.00","4,700.00","4,560.00","4,590.00","3,941.07",20.10
5/13/2016,"4,620.00","4,620.00","4,440.00","4,480.00","3,846.62",23.97
5/16/2016,"4,500.00","4,500.00","4,400.00","4,410.00","3,786.52",17.22
5/17/2016,"4,450.00","4,470.00","4,280.00","4,310.00","3,700.66",28.55
5/18/2016,"4,310.00","4,420.00","4,270.00","4,400.00","3,777.93",41.50
5/19/2016,"4,400.00","4,420.00","4,290.00","4,360.00","3,743.59",33.42
5/20/2016,"4,330.00","4,400.00","4,310.00","4,380.00","3,760.76",19.17
5/23/2016,"4,380.00","4,440.00","4,360.00","4,430.00","3,803.69",22.63
5/24/2016,"4,430.00","4,460.00","4,410.00","4,440.00","3,812.28",30.45
5/25/2016,"4,480.00","4,520.00","4,470.00","4,510.00","3,872.38",26.48
5/26/2016,"4,540.00","4,570.00","4,480.00","4,550.00","3,906.73",29.01
5/27/2016,"4,550.00","4,680.00","4,530.00","4,630.00","3,975.42",36.12
5/30/2016,"4,680.00","4,760.00","4,650.00","4,720.00","4,052.69",35.14
5/31/2016,"4,750.00","4,800.00","4,670.00","4,800.00","4,121.38",53.91
6/1/2016,"4,720.00","4,790.00","4,720.00","4,770.00","4,095.62",19.62
6/2/2016,"4,730.00","4,750.00","4,650.00","4,690.00","4,026.93",22.59
6/3/2016,"4,710.00","4,730.00","4,670.00","4,700.00","4,035.52",15.44
6/6/2016,"4,730.00","4,770.00","4,720.00","4,770.00","4,095.62",20.11
6/7/2016,"4,780.00","4,850.00","4,770.00","4,820.00","4,138.55",38.51
6/8/2016,"4,820.00","4,840.00","4,790.00","4,820.00","4,138.55",22.70
6/9/2016,"4,820.00","4,830.00","4,770.00","4,770.00","4,095.62",17.11
6/10/2016,"4,760.00","4,820.00","4,750.00","4,760.00","4,087.04",10.95
6/13/2016,"4,760.00","4,760.00","4,670.00","4,690.00","4,026.93",11.03
6/14/2016,"4,690.00","4,720.00","4,650.00","4,660.00","4,001.17",16.08
6/15/2016,"4,670.00","4,730.00","4,660.00","4,730.00","4,061.28",15.87
6/16/2016,"4,740.00","4,760.00","4,650.00","4,670.00","4,009.76",12.68
6/17/2016,"4,700.00","4,720.00","4,600.00","4,660.00","4,001.17",16.78
6/20/2016,"4,680.00","4,750.00","4,660.00","4,720.00","4,052.69",13.55
6/21/2016,"4,730.00","4,850.00","4,730.00","4,850.00","4,164.31",30.03
6/22/2016,"4,850.00","4,920.00","4,830.00","4,920.00","4,224.42",27.50
6/23/2016,"4,920.00","4,920.00","4,860.00","4,890.00","4,198.66",13.12
6/24/2016,"4,890.00","4,900.00","4,690.00","4,890.00","4,198.66",21.17
6/27/2016,"4,840.00","4,870.00","4,790.00","4,840.00","4,155.73",17.15
6/28/2016,"4,840.00","4,950.00","4,840.00","4,950.00","4,250.18",44.68
6/29/2016,"4,980.00","5,200.00","4,980.00","5,200.00","4,464.83",96.65
6/30/2016,"5,250.00","5,275.00","5,125.00","5,200.00","4,464.83",44.91
7/1/2016,"5,225.00","5,225.00","5,100.00","5,150.00","4,421.90",9.47
7/11/2016,"5,250.00","5,350.00","5,250.00","5,300.00","4,550.69",41.02
7/12/2016,"5,325.00","5,450.00","5,300.00","5,425.00","4,658.02",44.64
7/13/2016,"5,400.00","5,475.00","5,350.00","5,400.00","4,636.55",16.18
7/14/2016,"5,450.00","5,450.00","5,300.00","5,300.00","4,550.69",19.32
7/15/2016,"5,375.00","5,450.00","5,350.00","5,450.00","4,679.49",24.53
7/18/2016,"5,400.00","5,475.00","5,350.00","5,475.00","4,700.95",11.57
7/19/2016,"5,500.00","5,675.00","5,450.00","5,600.00","4,808.28",33.77
7/20/2016,"5,600.00","5,700.00","5,575.00","5,650.00","4,851.21",23.69
7/21/2016,"5,675.00","5,675.00","5,525.00","5,575.00","4,786.81",16.93
7/22/2016,"5,500.00","5,500.00","5,300.00","5,300.00","4,550.69",41.48
7/25/2016,"5,350.00","5,375.00","5,125.00","5,175.00","4,443.37",49.90
7/26/2016,"5,175.00","5,325.00","5,150.00","5,225.00","4,486.30",46.67
7/27/2016,"5,300.00","5,450.00","5,275.00","5,375.00","4,615.09",71.19
7/28/2016,"5,425.00","5,450.00","5,300.00","5,400.00","4,636.55",25.05
7/29/2016,"5,425.00","5,450.00","5,275.00","5,350.00","4,593.62",29.66
8/1/2016,"5,400.00","5,575.00","5,400.00","5,525.00","4,743.88",48.96
8/2/2016,"5,525.00","5,550.00","5,475.00","5,475.00","4,700.95",22.92
8/3/2016,"5,450.00","5,500.00","5,400.00","5,425.00","4,658.02",17.14
8/4/2016,"5,450.00","5,500.00","5,425.00","5,450.00","4,679.49",17.21
8/5/2016,"5,500.00","5,725.00","5,500.00","5,650.00","4,851.21",85.69
8/8/2016,"5,725.00","5,875.00","5,725.00","5,850.00","5,022.93",61.71
8/9/2016,"5,850.00","5,900.00","5,750.00","5,800.00","4,980.00",32.53
8/10/2016,"5,825.00","5,975.00","5,675.00","5,700.00","4,894.14",26.52
8/11/2016,"5,750.00","5,775.00","5,625.00","5,625.00","4,829.74",21.52
8/12/2016,"5,650.00","5,700.00","5,600.00","5,625.00","4,829.74",32.39
8/15/2016,"5,625.00","5,675.00","5,475.00","5,650.00","4,851.21",32.76
8/16/2016,"5,650.00","5,800.00","5,650.00","5,800.00","4,980.00",29.50
8/18/2016,"5,825.00","5,950.00","5,800.00","5,875.00","5,044.40",50.59
8/19/2016,"5,875.00","5,975.00","5,825.00","5,850.00","5,022.93",20.93
8/22/2016,"5,750.00","5,800.00","5,650.00","5,775.00","4,958.54",24.55
8/23/2016,"5,675.00","5,825.00","5,625.00","5,800.00","4,980.00",25.04
8/24/2016,"5,775.00","5,850.00","5,750.00","5,825.00","5,001.47",8.71
8/25/2016,"5,825.00","5,850.00","5,750.00","5,850.00","5,022.93",18.19
8/26/2016,"5,850.00","5,850.00","5,775.00","5,825.00","5,001.47",9.52
8/29/2016,"5,825.00","5,825.00","5,725.00","5,800.00","4,980.00",17.10
8/30/2016,"5,750.00","5,825.00","5,750.00","5,825.00","5,001.47",22.15
8/31/2016,"5,775.00","5,875.00","5,750.00","5,875.00","5,044.40",16.50
9/1/2016,"5,875.00","5,875.00","5,800.00","5,850.00","5,022.93",10.06
9/2/2016,"5,850.00","5,875.00","5,775.00","5,825.00","5,001.47",19.30
9/5/2016,"5,825.00","5,875.00","5,825.00","5,825.00","5,001.47",12.05
9/6/2016,"5,750.00","5,850.00","5,750.00","5,850.00","5,022.93",16.91
9/7/2016,"5,825.00","5,875.00","5,800.00","5,825.00","5,001.47",17.73
9/8/2016,"5,800.00","5,850.00","5,725.00","5,800.00","4,980.00",12.68
9/9/2016,"5,750.00","5,750.00","5,575.00","5,675.00","4,872.68",37.65
9/13/2016,"5,600.00","5,750.00","5,525.00","5,625.00","4,829.74",29.58
9/14/2016,"5,625.00","5,625.00","5,350.00","5,500.00","4,722.42",44.21
9/15/2016,"5,450.00","5,550.00","5,350.00","5,525.00","4,743.88",71.32
9/16/2016,"5,575.00","5,625.00","5,425.00","5,475.00","4,700.95",57.57
9/19/2016,"5,525.00","5,525.00","5,300.00","5,300.00","4,550.69",43.00
9/20/2016,"5,325.00","5,450.00","5,325.00","5,450.00","4,679.49",33.49
9/21/2016,"5,400.00","5,500.00","5,375.00","5,475.00","4,700.95",21.62
9/22/2016,"5,550.00","5,600.00","5,450.00","5,575.00","4,786.81",28.39
9/23/2016,"5,525.00","5,575.00","5,450.00","5,525.00","4,743.88",28.01
9/26/2016,"5,575.00","5,575.00","5,500.00","5,525.00","4,743.88",11.39
9/27/2016,"5,475.00","5,625.00","5,425.00","5,600.00","4,808.28",37.86
9/28/2016,"5,600.00","5,650.00","5,550.00","5,625.00","4,829.74",23.49
9/29/2016,"5,675.00","5,675.00","5,575.00","5,600.00","4,808.28",11.25
9/30/2016,"5,600.00","5,625.00","5,500.00","5,550.00","4,765.35",23.01
10/3/2016,"5,600.00","5,625.00","5,550.00","5,625.00","4,829.74",11.81
10/4/2016,"5,575.00","5,625.00","5,500.00","5,575.00","4,786.81",18.86
10/5/2016,"5,550.00","5,575.00","5,450.00","5,525.00","4,743.88",23.20
10/6/2016,"5,525.00","5,550.00","5,350.00","5,400.00","4,636.55",28.81
10/7/2016,"5,400.00","5,400.00","5,250.00","5,300.00","4,550.69",26.48
10/10/2016,"5,325.00","5,350.00","5,275.00","5,300.00","4,550.69",10.65
10/11/2016,"5,300.00","5,350.00","5,150.00","5,200.00","4,464.83",25.48
10/12/2016,"5,175.00","5,200.00","5,150.00","5,175.00","4,443.37",20.31
10/13/2016,"5,200.00","5,425.00","5,150.00","5,375.00","4,615.09",75.76
10/14/2016,"5,425.00","5,500.00","5,350.00","5,475.00","4,700.95",35.60
10/17/2016,"5,450.00","5,550.00","5,425.00","5,500.00","4,722.42",24.39
10/18/2016,"5,475.00","5,525.00","5,375.00","5,400.00","4,636.55",32.24
10/19/2016,"5,425.00","5,450.00","5,375.00","5,400.00","4,636.55",19.37
10/20/2016,"5,450.00","5,500.00","5,425.00","5,450.00","4,679.49",14.01
10/21/2016,"5,425.00","5,475.00","5,425.00","5,425.00","4,658.02",8.49
10/24/2016,"5,425.00","5,500.00","5,425.00","5,450.00","4,679.49",6.45
10/25/2016,"5,450.00","5,500.00","5,400.00","5,475.00","4,700.95",13.46
10/26/2016,"5,475.00","5,500.00","5,425.00","5,450.00","4,679.49",19.85
10/27/2016,"5,475.00","5,525.00","5,400.00","5,525.00","4,743.88",18.36
10/28/2016,"5,525.00","5,550.00","5,500.00","5,525.00","4,743.88",12.60
10/31/2016,"5,550.00","5,600.00","5,525.00","5,575.00","4,786.81",13.68
11/1/2016,"5,600.00","5,600.00","5,500.00","5,525.00","4,743.88",8.44
11/2/2016,"5,525.00","5,525.00","5,425.00","5,525.00","4,743.88",10.43
11/3/2016,"5,475.00","5,525.00","5,450.00","5,475.00","4,700.95",14.27
11/4/2016,"5,400.00","5,625.00","5,400.00","5,600.00","4,808.28",20.03
11/7/2016,"5,550.00","5,650.00","5,500.00","5,575.00","4,786.81",21.13
11/8/2016,"5,625.00","5,725.00","5,575.00","5,725.00","4,915.61",25.39
11/9/2016,"5,700.00","5,700.00","5,400.00","5,575.00","4,786.81",40.12
11/10/2016,"5,625.00","5,650.00","5,550.00","5,575.00","4,786.81",19.67
11/11/2016,"5,450.00","5,450.00","5,025.00","5,150.00","4,421.90",73.67
11/14/2016,"5,050.00","5,250.00","4,810.00","5,125.00","4,400.43",38.60
11/15/2016,"5,125.00","5,250.00","5,000.00","5,000.00","4,293.11",47.33
11/16/2016,"5,075.00","5,325.00","5,075.00","5,225.00","4,486.30",42.75
11/17/2016,"5,225.00","5,325.00","5,200.00","5,225.00","4,486.30",23.88
11/18/2016,"5,300.00","5,300.00","5,200.00","5,225.00","4,486.30",13.81
11/21/2016,"5,300.00","5,300.00","5,200.00","5,200.00","4,464.83",23.03
11/22/2016,"5,200.00","5,250.00","5,150.00","5,250.00","4,507.76",14.51
11/23/2016,"5,200.00","5,225.00","5,100.00","5,125.00","4,400.43",33.73
11/24/2016,"5,100.00","5,175.00","5,000.00","5,000.00","4,293.11",28.69
11/25/2016,"5,000.00","5,150.00","5,000.00","5,025.00","4,314.57",10.26
11/28/2016,"5,025.00","5,100.00","5,025.00","5,075.00","4,357.50",7.86
11/29/2016,"5,075.00","5,200.00","5,075.00","5,100.00","4,378.97",10.76
11/30/2016,"5,150.00","5,275.00","5,125.00","5,175.00","4,443.37",26.16
12/1/2016,"5,200.00","5,300.00","5,200.00","5,275.00","4,529.23",20.27
12/2/2016,"5,300.00","5,350.00","5,250.00","5,300.00","4,550.69",10.15
12/5/2016,"5,275.00","5,375.00","5,275.00","5,325.00","4,572.16",13.52
12/6/2016,"5,400.00","5,400.00","5,325.00","5,375.00","4,615.09",15.42
12/7/2016,"5,350.00","5,425.00","5,325.00","5,350.00","4,593.62",9.97
12/8/2016,"5,375.00","5,425.00","5,350.00","5,425.00","4,658.02",12.39
12/9/2016,"5,500.00","5,525.00","5,400.00","5,475.00","4,700.95",5.44
12/13/2016,"5,400.00","5,525.00","5,400.00","5,475.00","4,700.95",21.18
12/14/2016,"5,550.00","5,550.00","5,450.00","5,475.00","4,700.95",10.63
12/15/2016,"5,400.00","5,475.00","5,350.00","5,400.00","4,636.55",12.41
12/16/2016,"5,500.00","5,500.00","5,350.00","5,350.00","4,593.62",20.73
12/19/2016,"5,425.00","5,500.00","5,375.00","5,425.00","4,658.02",16.24
12/20/2016,"5,500.00","5,500.00","5,350.00","5,400.00","4,636.55",8.61
12/21/2016,"5,450.00","5,475.00","5,350.00","5,350.00","4,593.62",16.05
12/22/2016,"5,425.00","5,450.00","5,275.00","5,300.00","4,550.69",8.04
12/23/2016,"5,275.00","5,400.00","5,225.00","5,250.00","4,507.76",9.15
12/27/2016,"5,200.00","5,300.00","5,200.00","5,250.00","4,507.76",3.93
12/28/2016,"5,250.00","5,450.00","5,250.00","5,375.00","4,615.09",13.78
12/29/2016,"5,375.00","5,525.00","5,375.00","5,475.00","4,700.95",19.41
12/30/2016,"5,500.00","5,650.00","5,450.00","5,525.00","4,743.88",28.43
1/2/2017,"5,525.00","5,525.00","5,525.00","5,525.00","4,743.88",0.00
1/3/2017,"5,525.00","5,525.00","5,450.00","5,475.00","4,700.95",6.71
1/4/2017,"5,500.00","5,600.00","5,475.00","5,600.00","4,808.28",21.41
1/5/2017,"5,650.00","5,650.00","5,550.00","5,625.00","4,829.74",10.54
1/6/2017,"5,600.00","5,675.00","5,575.00","5,600.00","4,808.28",11.66
1/9/2017,"5,650.00","5,675.00","5,550.00","5,550.00","4,765.35",5.59
1/10/2017,"5,625.00","5,625.00","5,550.00","5,600.00","4,808.28",9.26
1/11/2017,"5,625.00","5,625.00","5,575.00","5,600.00","4,808.28",12.12
1/12/2017,"5,625.00","5,625.00","5,550.00","5,550.00","4,765.35",5.23
1/13/2017,"5,550.00","5,600.00","5,400.00","5,475.00","4,700.95",10.90
1/16/2017,"5,525.00","5,625.00","5,475.00","5,475.00","4,700.95",17.42
1/17/2017,"5,475.00","5,550.00","5,475.00","5,525.00","4,743.88",18.35
1/18/2017,"5,575.00","5,575.00","5,525.00","5,575.00","4,786.81",20.68
1/19/2017,"5,575.00","5,600.00","5,450.00","5,450.00","4,679.49",12.43
1/20/2017,"5,475.00","5,525.00","5,450.00","5,450.00","4,679.49",11.50
1/23/2017,"5,500.00","5,575.00","5,450.00","5,525.00","4,743.88",17.99
1/24/2017,"5,550.00","5,575.00","5,500.00","5,550.00","4,765.35",10.05
1/25/2017,"5,600.00","5,600.00","5,500.00","5,500.00","4,722.42",25.85
1/26/2017,"5,550.00","5,625.00","5,525.00","5,600.00","4,808.28",32.74
1/27/2017,"5,600.00","5,800.00","5,575.00","5,750.00","4,937.07",60.70
1/30/2017,"5,775.00","5,800.00","5,700.00","5,725.00","4,915.61",28.48
1/31/2017,"5,700.00","5,725.00","5,625.00","5,700.00","4,894.14",19.78
2/1/2017,"5,700.00","5,950.00","5,675.00","5,950.00","5,108.80",69.95
2/2/2017,"5,975.00","6,075.00","5,950.00","6,025.00","5,173.19",43.32
2/3/2017,"6,000.00","6,025.00","5,950.00","5,975.00","5,130.26",18.21
2/6/2017,"6,050.00","6,150.00","6,000.00","6,025.00","5,173.19",24.97
2/7/2017,"6,025.00","6,100.00","6,025.00","6,100.00","5,237.59",25.39
2/8/2017,"6,125.00","6,175.00","6,075.00","6,125.00","5,259.06",52.19
2/9/2017,"6,175.00","6,250.00","6,150.00","6,200.00","5,323.45",65.36
2/10/2017,"6,250.00","6,275.00","6,200.00","6,250.00","5,366.38",44.43
2/13/2017,"6,300.00","6,300.00","6,250.00","6,300.00","5,409.31",28.82
2/14/2017,"6,300.00","6,325.00","6,175.00","6,300.00","5,409.31",23.10
2/15/2017,"6,300.00","6,300.00","6,300.00","6,300.00","5,409.31",0.00
2/16/2017,"6,250.00","6,275.00","6,125.00","6,200.00","5,323.45",44.17
2/17/2017,"6,300.00","6,300.00","6,200.00","6,300.00","5,409.31",17.06
2/20/2017,"6,250.00","6,300.00","6,200.00","6,275.00","5,387.85",16.15
2/21/2017,"6,300.00","6,300.00","6,200.00","6,275.00","5,387.85",19.93
2/22/2017,"6,275.00","6,300.00","6,200.00","6,275.00","5,387.85",20.59
2/23/2017,"6,250.00","6,325.00","6,225.00","6,325.00","5,430.78",13.06
2/24/2017,"6,350.00","6,375.00","6,275.00","6,350.00","5,452.25",18.72
2/27/2017,"6,350.00","6,350.00","6,125.00","6,175.00","5,301.99",31.16
2/28/2017,"6,200.00","6,275.00","6,175.00","6,250.00","5,366.38",18.74
3/1/2017,"6,150.00","6,250.00","6,150.00","6,225.00","5,344.92",21.82
3/2/2017,"6,275.00","6,350.00","6,225.00","6,225.00","5,344.92",20.19
3/3/2017,"6,300.00","6,350.00","6,250.00","6,350.00","5,452.25",25.25
3/6/2017,"6,350.00","6,350.00","6,275.00","6,300.00","5,409.31",14.30
3/7/2017,"6,350.00","6,350.00","6,250.00","6,300.00","5,409.31",18.35
3/8/2017,"6,300.00","6,300.00","6,250.00","6,275.00","5,387.85",13.13
3/9/2017,"6,400.00","6,400.00","6,275.00","6,400.00","5,495.18",11.00
3/10/2017,"6,400.00","6,425.00","6,300.00","6,300.00","5,409.31",12.56
3/13/2017,"6,450.00","6,450.00","6,300.00","6,350.00","5,452.25",20.44
3/14/2017,"6,400.00","6,425.00","6,325.00","6,375.00","5,473.71",8.18
3/15/2017,"6,300.00","6,425.00","6,300.00","6,400.00","5,495.18",20.86
3/16/2017,"6,450.00","6,600.00","6,400.00","6,600.00","5,666.90",43.97
3/17/2017,"6,650.00","6,700.00","6,575.00","6,700.00","5,752.76",38.82
3/20/2017,"6,600.00","6,775.00","6,550.00","6,600.00","5,666.90",21.97
3/21/2017,"6,600.00","6,625.00","6,450.00","6,575.00","5,645.44",29.08
3/22/2017,"6,550.00","6,600.00","6,425.00","6,600.00","5,666.90",47.21
3/23/2017,"6,675.00","6,950.00","6,650.00","6,900.00","5,924.49",54.96
3/24/2017,"6,750.00","6,825.00","6,700.00","6,800.00","6,024.43",20.22
3/27/2017,"6,525.00","6,775.00","6,475.00","6,525.00","5,967.55",34.91
3/29/2017,"6,525.00","6,750.00","6,525.00","6,600.00","6,036.14",35.46
3/30/2017,"6,375.00","6,625.00","6,350.00","6,375.00","5,830.36",47.61
3/31/2017,"6,400.00","6,475.00","6,375.00","6,475.00","5,921.82",49.10
4/3/2017,"6,400.00","6,500.00","6,400.00","6,450.00","5,898.96",18.76
4/4/2017,"6,500.00","6,600.00","6,450.00","6,550.00","5,990.41",14.39
4/5/2017,"6,550.00","6,550.00","6,550.00","6,550.00","5,990.41",0.00
4/6/2017,"6,575.00","6,700.00","6,525.00","6,700.00","6,127.60",21.15
4/7/2017,"6,600.00","6,625.00","6,450.00","6,475.00","5,921.82",34.83
4/10/2017,"6,475.00","6,575.00","6,425.00","6,450.00","5,898.96",27.83
4/11/2017,"6,450.00","6,450.00","6,325.00","6,375.00","5,830.36",21.86
4/12/2017,"6,400.00","6,425.00","6,300.00","6,375.00","5,830.36",24.85
4/13/2017,"6,400.00","6,425.00","6,250.00","6,275.00","5,738.91",53.99
4/17/2017,"6,275.00","6,300.00","6,175.00","6,250.00","5,716.04",17.91
4/18/2017,"6,300.00","6,375.00","6,275.00","6,350.00","5,807.50",22.21
4/19/2017,"6,350.00","6,350.00","6,350.00","6,350.00","5,807.50",0.00
4/20/2017,"6,250.00","6,250.00","6,125.00","6,250.00","5,716.04",49.50
4/21/2017,"6,250.00","6,275.00","6,075.00","6,150.00","5,624.58",54.13
4/25/2017,"6,150.00","6,250.00","6,125.00","6,200.00","5,670.31",57.47
4/26/2017,"6,250.00","6,450.00","6,250.00","6,400.00","5,853.23",44.32
4/27/2017,"6,375.00","6,425.00","6,350.00","6,375.00","5,830.36",15.24
4/28/2017,"6,325.00","6,400.00","6,325.00","6,375.00","5,830.36",14.94
5/2/2017,"6,425.00","6,450.00","6,375.00","6,425.00","5,876.09",12.65
5/3/2017,"6,450.00","6,450.00","6,375.00","6,400.00","5,853.23",11.41
5/4/2017,"6,400.00","6,625.00","6,400.00","6,625.00","6,059.00",26.60
5/5/2017,"6,575.00","6,625.00","6,550.00","6,575.00","6,013.28",16.97
5/8/2017,"6,625.00","6,800.00","6,600.00","6,725.00","6,150.46",26.33
5/9/2017,"6,800.00","6,800.00","6,625.00","6,650.00","6,081.87",33.49
5/10/2017,"6,675.00","6,750.00","6,550.00","6,575.00","6,013.28",31.03
5/12/2017,"6,725.00","6,725.00","6,575.00","6,675.00","6,104.73",12.78
5/15/2017,"6,700.00","6,700.00","6,500.00","6,525.00","5,967.55",8.25
5/16/2017,"6,600.00","6,600.00","6,450.00","6,550.00","5,990.41",19.10
5/17/2017,"6,550.00","6,600.00","6,400.00","6,500.00","5,944.68",24.65
5/18/2017,"6,400.00","6,600.00","6,375.00","6,525.00","5,967.55",35.11
5/19/2017,"6,500.00","7,200.00","6,500.00","6,700.00","6,127.60",39.23
5/22/2017,"6,875.00","6,950.00","6,725.00","6,825.00","6,241.92",43.49
5/23/2017,"6,700.00","6,800.00","6,550.00","6,575.00","6,013.28",36.86
5/24/2017,"6,475.00","6,650.00","6,450.00","6,525.00","5,967.55",19.86
5/26/2017,"6,600.00","6,600.00","6,450.00","6,475.00","5,921.82",30.32
5/29/2017,"6,475.00","6,525.00","6,475.00","6,525.00","5,967.55",11.26
5/30/2017,"6,575.00","6,575.00","6,475.00","6,525.00","5,967.55",11.09
5/31/2017,"6,475.00","6,550.00","6,475.00","6,550.00","5,990.41",32.03
6/1/2017,"6,550.00","6,550.00","6,550.00","6,550.00","5,990.41",0.00
6/2/2017,"6,575.00","6,600.00","6,400.00","6,450.00","5,898.96",33.08
6/5/2017,"6,400.00","6,525.00","6,400.00","6,475.00","5,921.82",13.08
6/6/2017,"6,450.00","6,525.00","6,450.00","6,500.00","5,944.68",7.88
6/7/2017,"6,425.00","6,500.00","6,425.00","6,475.00","5,921.82",8.10
6/8/2017,"6,425.00","6,475.00","6,400.00","6,450.00","5,898.96",20.75
6/9/2017,"6,400.00","6,450.00","6,350.00","6,400.00","5,853.23",32.13
6/12/2017,"6,375.00","6,450.00","6,375.00","6,450.00","5,898.96",8.86
6/13/2017,"6,400.00","6,500.00","6,400.00","6,450.00","5,898.96",18.32
6/14/2017,"6,450.00","6,500.00","6,425.00","6,500.00","5,944.68",14.91
6/15/2017,"6,475.00","6,600.00","6,475.00","6,575.00","6,013.28",13.76
6/16/2017,"6,525.00","6,650.00","6,500.00","6,500.00","5,944.68",27.37
6/19/2017,"6,500.00","6,575.00","6,500.00","6,550.00","5,990.41",11.91
6/20/2017,"6,575.00","6,775.00","6,550.00","6,700.00","6,127.60",21.93
6/21/2017,"6,650.00","6,650.00","6,575.00","6,625.00","6,059.00",25.20
6/22/2017,"6,675.00","6,675.00","6,525.00","6,600.00","6,036.14",33.99
6/23/2017,"6,600.00","6,600.00","6,600.00","6,600.00","6,036.14",0.00
6/26/2017,"6,600.00","6,600.00","6,600.00","6,600.00","6,036.14",0.00
6/27/2017,"6,600.00","6,600.00","6,600.00","6,600.00","6,036.14",0.00
6/28/2017,"6,600.00","6,600.00","6,600.00","6,600.00","6,036.14",0.00
6/29/2017,"6,600.00","6,600.00","6,600.00","6,600.00","6,036.14",0.00
6/30/2017,"6,600.00","6,600.00","6,600.00","6,600.00","6,036.14",0.00
7/3/2017,"6,600.00","6,700.00","6,550.00","6,600.00","6,036.14",39.34
7/4/2017,"6,625.00","6,675.00","6,550.00","6,575.00","6,013.28",20.41
7/5/2017,"6,600.00","6,650.00","6,575.00","6,650.00","6,081.87",16.41
7/6/2017,"6,625.00","6,775.00","6,625.00","6,775.00","6,196.19",18.38
7/7/2017,"6,700.00","6,825.00","6,700.00","6,725.00","6,150.46",23.02
7/10/2017,"6,700.00","6,875.00","6,625.00","6,850.00","6,264.78",16.72
7/11/2017,"6,850.00","6,975.00","6,825.00","6,900.00","6,310.51",28.25
7/12/2017,"6,900.00","7,050.00","6,875.00","7,000.00","6,401.97",23.32
7/13/2017,"7,050.00","7,100.00","6,925.00","7,025.00","6,424.83",20.58
7/14/2017,"7,025.00","7,100.00","7,000.00","7,100.00","6,493.42",14.76
7/17/2017,"7,075.00","7,100.00","6,975.00","7,025.00","6,424.83",13.93
7/18/2017,"6,975.00","7,050.00","6,925.00","7,000.00","6,401.97",21.39
7/19/2017,"6,950.00","7,050.00","6,950.00","7,000.00","6,401.97",4.90
7/20/2017,"7,000.00","7,000.00","6,925.00","6,950.00","6,356.24",17.48
7/21/2017,"6,900.00","6,975.00","6,875.00","6,950.00","6,356.24",7.46
7/24/2017,"7,000.00","7,075.00","6,950.00","7,050.00","6,447.70",16.00
7/25/2017,"7,075.00","7,100.00","7,025.00","7,100.00","6,493.42",9.38
7/26/2017,"7,025.00","7,150.00","7,025.00","7,150.00","6,539.15",8.73
7/27/2017,"7,175.00","7,300.00","7,100.00","7,300.00","6,676.34",21.98
7/28/2017,"7,275.00","7,350.00","7,250.00","7,350.00","6,722.07",15.55
7/31/2017,"7,350.00","7,450.00","7,275.00","7,450.00","6,813.52",19.75
8/1/2017,"7,425.00","7,425.00","7,250.00","7,250.00","6,630.61",17.42
8/2/2017,"7,275.00","7,300.00","7,150.00","7,275.00","6,653.47",10.77
8/3/2017,"7,250.00","7,300.00","7,175.00","7,175.00","6,562.02",6.50
8/4/2017,"7,250.00","7,300.00","7,225.00","7,275.00","6,653.47",11.09
8/7/2017,"7,150.00","7,300.00","7,150.00","7,175.00","6,562.02",9.83
8/8/2017,"7,175.00","7,275.00","7,125.00","7,225.00","6,607.74",13.56
8/9/2017,"7,300.00","7,300.00","7,200.00","7,275.00","6,653.47",15.24
8/10/2017,"7,300.00","7,350.00","7,250.00","7,275.00","6,653.47",25.66
8/11/2017,"7,325.00","7,325.00","7,225.00","7,275.00","6,653.47",16.18
8/14/2017,"7,325.00","7,350.00","7,275.00","7,300.00","6,676.34",18.55
8/15/2017,"7,350.00","7,450.00","7,325.00","7,400.00","6,767.79",20.90
8/16/2017,"7,450.00","7,450.00","7,325.00","7,400.00","6,767.79",17.42
8/17/2017,"7,400.00","7,400.00","7,400.00","7,400.00","6,767.79",0.00
8/18/2017,"7,350.00","7,450.00","7,325.00","7,400.00","6,767.79",25.23
8/21/2017,"7,425.00","7,450.00","7,350.00","7,400.00","6,767.79",17.84
8/22/2017,"7,325.00","7,400.00","7,325.00","7,400.00","6,767.79",15.94
8/23/2017,"7,425.00","7,450.00","7,325.00","7,400.00","6,767.79",10.49
8/24/2017,"7,450.00","7,450.00","7,375.00","7,425.00","6,790.66",14.53
8/25/2017,"7,450.00","7,450.00","7,350.00","7,425.00","6,790.66",7.93
8/28/2017,"7,375.00","7,425.00","7,350.00","7,375.00","6,744.93",7.03
8/29/2017,"7,400.00","7,400.00","7,300.00","7,350.00","6,722.07",14.49
8/30/2017,"7,300.00","7,375.00","7,250.00","7,350.00","6,722.07",17.13
8/31/2017,"7,300.00","7,375.00","7,300.00","7,350.00","6,722.07",9.69
9/1/2017,"7,350.00","7,350.00","7,350.00","7,350.00","6,722.07",0.00
9/4/2017,"7,300.00","7,325.00","7,125.00","7,200.00","6,584.88",10.73
9/5/2017,"7,200.00","7,225.00","7,075.00","7,225.00","6,607.74",10.53
9/6/2017,"7,150.00","7,250.00","7,075.00","7,200.00","6,584.88",17.86
9/7/2017,"7,150.00","7,300.00","7,125.00","7,300.00","6,676.34",14.41
9/8/2017,"7,150.00","7,275.00","7,150.00","7,225.00","6,607.74",17.05
9/11/2017,"7,200.00","7,250.00","7,200.00","7,225.00","6,607.74",5.36
9/12/2017,"7,275.00","7,275.00","7,200.00","7,250.00","6,630.61",27.56
9/13/2017,"7,200.00","7,275.00","7,200.00","7,250.00","6,630.61",7.88
9/14/2017,"7,250.00","7,250.00","7,175.00","7,250.00","6,630.61",11.04
9/15/2017,"7,175.00","7,300.00","7,175.00","7,275.00","6,653.47",29.02
9/18/2017,"7,300.00","7,300.00","7,225.00","7,250.00","6,630.61",18.21
9/19/2017,"7,275.00","7,350.00","7,250.00","7,350.00","6,722.07",11.03
9/20/2017,"7,350.00","7,375.00","7,300.00","7,375.00","6,744.93",12.47
9/21/2017,"7,375.00","7,375.00","7,375.00","7,375.00","6,744.93",0.00
9/22/2017,"7,375.00","7,500.00","7,325.00","7,475.00","6,836.39",27.79
9/25/2017,"7,500.00","7,575.00","7,475.00","7,500.00","6,859.25",9.95
9/26/2017,"7,575.00","7,575.00","7,400.00","7,400.00","6,767.79",13.41
9/27/2017,"7,425.00","7,425.00","7,250.00","7,275.00","6,653.47",23.00
9/28/2017,"7,250.00","7,350.00","7,225.00","7,300.00","6,676.34",15.06
9/29/2017,"7,350.00","7,450.00","7,325.00","7,400.00","6,767.79",18.41
10/2/2017,"7,500.00","7,575.00","7,400.00","7,475.00","6,836.39",8.38
10/3/2017,"7,525.00","7,750.00","7,500.00","7,650.00","6,996.44",22.01
10/4/2017,"7,700.00","7,700.00","7,575.00","7,625.00","6,973.57",12.09
10/5/2017,"7,700.00","7,700.00","7,475.00","7,500.00","6,859.25",18.24
10/6/2017,"7,550.00","7,550.00","7,425.00","7,425.00","6,790.66",11.46
10/9/2017,"7,525.00","7,525.00","7,350.00","7,375.00","6,744.93",8.29
10/10/2017,"7,375.00","7,450.00","7,300.00","7,300.00","6,676.34",16.67
10/11/2017,"7,300.00","7,375.00","7,275.00","7,300.00","6,676.34",19.42
10/12/2017,"7,350.00","7,550.00","7,300.00","7,500.00","6,859.25",42.20
10/13/2017,"7,575.00","7,650.00","7,550.00","7,625.00","6,973.57",16.42
10/16/2017,"7,625.00","7,625.00","7,500.00","7,525.00","6,882.11",15.21
10/17/2017,"7,575.00","7,600.00","7,500.00","7,550.00","6,904.98",12.34
10/18/2017,"7,625.00","7,700.00","7,575.00","7,650.00","6,996.44",18.73
10/19/2017,"7,700.00","7,700.00","7,600.00","7,675.00","7,019.30",13.23
10/20/2017,"7,650.00","7,675.00","7,575.00","7,650.00","6,996.44",17.59
10/23/2017,"7,650.00","7,700.00","7,550.00","7,550.00","6,904.98",9.83
10/24/2017,"7,625.00","7,625.00","7,525.00","7,550.00","6,904.98",14.07
10/25/2017,"7,600.00","7,650.00","7,525.00","7,600.00","6,950.71",15.74
10/26/2017,"7,650.00","7,725.00","7,600.00","7,600.00","6,950.71",21.56
10/27/2017,"7,700.00","7,750.00","7,675.00","7,700.00","7,042.16",25.56
10/30/2017,"7,750.00","7,750.00","7,600.00","7,600.00","6,950.71",7.65
10/31/2017,"7,700.00","7,700.00","7,575.00","7,600.00","6,950.71",14.29
11/1/2017,"7,650.00","7,925.00","7,650.00","7,925.00","7,247.94",33.35
11/2/2017,"7,925.00","8,000.00","7,825.00","7,825.00","7,156.48",11.48
11/3/2017,"7,850.00","7,850.00","7,750.00","7,750.00","7,087.89",11.53
11/6/2017,"7,800.00","7,850.00","7,700.00","7,700.00","7,042.16",16.15
11/7/2017,"7,775.00","7,950.00","7,775.00","7,950.00","7,270.81",15.33
11/8/2017,"7,975.00","8,000.00","7,850.00","7,875.00","7,202.21",12.23
11/9/2017,"7,875.00","7,975.00","7,850.00","7,975.00","7,293.67",12.00
11/10/2017,"8,000.00","8,025.00","7,925.00","7,975.00","7,293.67",9.28
11/13/2017,"7,975.00","7,975.00","7,825.00","7,850.00","7,179.35",20.17
11/14/2017,"7,850.00","7,900.00","7,850.00","7,875.00","7,202.21",14.92
11/15/2017,"7,850.00","7,850.00","7,650.00","7,675.00","7,019.30",21.04
11/16/2017,"7,750.00","7,975.00","7,675.00","7,875.00","7,202.21",16.89
11/17/2017,"7,875.00","8,250.00","7,875.00","8,175.00","7,476.58",16.50
11/20/2017,"8,175.00","8,250.00","7,975.00","7,975.00","7,293.67",11.11
11/21/2017,"8,050.00","8,050.00","7,900.00","7,925.00","7,247.94",10.20
11/22/2017,"7,975.00","8,250.00","7,975.00","8,250.00","7,545.18",28.48
11/23/2017,"8,200.00","8,275.00","8,200.00","8,225.00","7,522.31",7.68
11/24/2017,"8,325.00","8,325.00","8,175.00","8,225.00","7,522.31",8.45
11/27/2017,"8,275.00","8,275.00","8,100.00","8,150.00","7,453.72",9.63
11/28/2017,"8,100.00","8,400.00","8,050.00","8,400.00","7,682.36",19.80
11/29/2017,"8,375.00","8,400.00","8,250.00","8,400.00","7,682.36",13.70
11/30/2017,"8,325.00","8,400.00","8,100.00","8,100.00","7,407.99",23.31
12/1/2017,"8,100.00","8,100.00","8,100.00","8,100.00","7,407.99",0.00
12/4/2017,"8,275.00","8,300.00","8,200.00","8,225.00","7,522.31",19.86
12/5/2017,"8,300.00","8,450.00","8,275.00","8,450.00","7,728.09",14.59
12/6/2017,"8,475.00","8,625.00","8,400.00","8,525.00","7,796.68",15.90
12/7/2017,"8,450.00","8,600.00","8,425.00","8,525.00","7,796.68",9.89
12/8/2017,"8,575.00","8,850.00","8,550.00","8,850.00","8,093.92",28.99
12/11/2017,"8,850.00","8,900.00","8,825.00","8,900.00","8,139.64",18.57
12/12/2017,"8,800.00","8,975.00","8,800.00","8,800.00","8,048.19",11.99
12/13/2017,"8,750.00","9,175.00","8,750.00","9,100.00","8,322.56",17.97
12/14/2017,"9,100.00","9,250.00","9,100.00","9,225.00","8,436.88",17.24
12/15/2017,"9,150.00","9,375.00","9,125.00","9,375.00","8,574.06",22.81
12/18/2017,"9,300.00","9,350.00","9,100.00","9,300.00","8,505.47",17.11
12/19/2017,"9,300.00","9,650.00","9,275.00","9,525.00","8,711.25",12.43
12/20/2017,"9,400.00","9,600.00","9,350.00","9,525.00","8,711.25",16.58
12/21/2017,"9,650.00","9,925.00","9,550.00","9,850.00","9,008.48",29.77
12/22/2017,"9,850.00","9,975.00","9,600.00","9,850.00","9,008.48",67.62
12/25/2017,"9,850.00","9,850.00","9,850.00","9,850.00","9,008.48",0.00
12/26/2017,"9,850.00","9,850.00","9,850.00","9,850.00","9,008.48",0.00
12/27/2017,"9,850.00","9,950.00","9,750.00","9,900.00","9,054.21",15.32
12/28/2017,"9,950.00","9,975.00","9,850.00","9,925.00","9,077.08",105.96
12/29/2017,"9,900.00","10,000.00","9,800.00","9,900.00","9,054.21",44.15
1/1/2018,"9,900.00","9,900.00","9,900.00","9,900.00","9,054.21",0.00
1/2/2018,"9,900.00","10,000.00","9,675.00","9,775.00","8,939.89",12.43
1/3/2018,"9,775.00","9,800.00","9,375.00","9,425.00","8,619.79",26.89
1/4/2018,"9,350.00","9,425.00","9,150.00","9,400.00","8,596.93",25.39
1/5/2018,"9,400.00","9,450.00","9,250.00","9,300.00","8,505.47",23.05
1/8/2018,"9,300.00","9,375.00","9,275.00","9,300.00","8,505.47",20.67
1/9/2018,"9,300.00","9,325.00","9,250.00","9,300.00","8,505.47",14.29
1/10/2018,"9,300.00","9,325.00","9,225.00","9,275.00","8,482.61",24.91
1/11/2018,"9,275.00","9,350.00","9,200.00","9,275.00","8,482.61",26.73
1/12/2018,"9,275.00","9,350.00","9,275.00","9,275.00","8,482.61",23.98
1/15/2018,"9,300.00","9,625.00","9,300.00","9,500.00","8,688.38",29.44
1/16/2018,"9,550.00","9,650.00","9,525.00","9,600.00","8,779.84",20.32
1/17/2018,"9,600.00","9,650.00","9,525.00","9,600.00","8,779.84",25.53
1/18/2018,"9,650.00","9,675.00","9,400.00","9,500.00","8,688.38",20.52
1/19/2018,"9,550.00","9,550.00","9,300.00","9,425.00","8,619.79",24.12
1/22/2018,"9,400.00","9,450.00","9,325.00","9,400.00","8,596.93",24.31
1/23/2018,"9,450.00","9,650.00","9,425.00","9,650.00","8,825.57",16.67
1/24/2018,"9,600.00","9,750.00","9,575.00","9,725.00","8,894.16",15.93
1/25/2018,"9,750.00","9,750.00","9,550.00","9,600.00","8,779.84",15.59
1/26/2018,"9,600.00","9,725.00","9,600.00","9,600.00","8,779.84",9.06
1/29/2018,"9,600.00","9,625.00","9,300.00","9,500.00","8,688.38",21.83
1/30/2018,"9,425.00","9,450.00","9,225.00","9,225.00","8,436.88",26.09
1/31/2018,"9,200.00","9,400.00","9,125.00","9,400.00","8,596.93",24.11
2/1/2018,"9,350.00","9,450.00","9,300.00","9,325.00","8,528.33",19.41
2/2/2018,"9,400.00","9,400.00","9,275.00","9,300.00","8,505.47",14.04
2/5/2018,"9,100.00","9,300.00","9,050.00","9,275.00","8,482.61",21.07
2/6/2018,"8,975.00","9,175.00","8,925.00","9,075.00","8,299.69",33.43
2/7/2018,"9,125.00","9,550.00","9,125.00","9,550.00","8,734.11",33.74
2/8/2018,"9,550.00","9,550.00","9,425.00","9,500.00","8,688.38",25.45
2/9/2018,"9,350.00","9,500.00","9,250.00","9,425.00","8,619.79",19.38
2/12/2018,"9,400.00","9,525.00","9,400.00","9,525.00","8,711.25",10.06
2/13/2018,"9,575.00","9,800.00","9,575.00","9,700.00","8,871.30",28.40
2/14/2018,"9,675.00","9,725.00","9,675.00","9,700.00","8,871.30",13.53
2/15/2018,"9,700.00","9,725.00","9,550.00","9,625.00","8,802.71",11.30
2/16/2018,"9,625.00","9,625.00","9,625.00","9,625.00","8,802.71",0.00
2/19/2018,"9,625.00","9,875.00","9,625.00","9,875.00","9,031.35",15.67
2/20/2018,"9,875.00","9,950.00","9,850.00","9,925.00","9,077.08",18.47
2/21/2018,"9,925.00","10,175.00","9,900.00","10,175.00","9,305.72",25.11
2/22/2018,"10,175.00","10,175.00","9,750.00","9,775.00","8,939.89",16.66
2/23/2018,"9,875.00","9,925.00","9,800.00","9,850.00","9,008.48",15.02
2/26/2018,"9,850.00","9,875.00","9,750.00","9,825.00","8,985.62",7.57
2/27/2018,"9,825.00","9,950.00","9,825.00","9,825.00","8,985.62",11.56
2/28/2018,"9,750.00","9,775.00","9,575.00","9,725.00","8,894.16",18.61
3/1/2018,"9,650.00","9,875.00","9,625.00","9,625.00","8,802.71",14.55
3/2/2018,"9,625.00","9,625.00","9,500.00","9,525.00","8,711.25",16.50
3/5/2018,"9,425.00","9,575.00","9,425.00","9,550.00","8,734.11",15.06
3/6/2018,"9,550.00","9,575.00","9,150.00","9,175.00","8,391.15",19.19
3/7/2018,"9,250.00","9,250.00","8,825.00","9,075.00","8,299.69",23.28
3/8/2018,"9,225.00","9,350.00","9,150.00","9,350.00","8,551.20",22.18
3/9/2018,"9,375.00","9,400.00","9,175.00","9,400.00","8,596.93",9.32
3/12/2018,"9,450.00","9,500.00","9,325.00","9,350.00","8,551.20",11.37
3/13/2018,"9,375.00","9,450.00","9,250.00","9,250.00","8,459.74",17.06
3/14/2018,"9,150.00","9,450.00","9,125.00","9,450.00","8,642.66",14.12
3/15/2018,"9,450.00","9,450.00","9,275.00","9,400.00","8,596.93",11.84
3/16/2018,"9,400.00","9,525.00","9,025.00","9,525.00","8,711.25",28.36
3/19/2018,"9,550.00","9,600.00","9,425.00","9,600.00","8,779.84",8.08
3/20/2018,"9,600.00","9,600.00","9,200.00","9,250.00","8,459.74",15.71
3/21/2018,"9,200.00","9,325.00","9,200.00","9,275.00","8,482.61",26.62
3/22/2018,"9,325.00","9,350.00","8,875.00","8,900.00","8,139.64",32.85
3/23/2018,"8,700.00","8,775.00","8,625.00","8,725.00","7,979.60",26.74
3/26/2018,"8,725.00","9,200.00","8,725.00","9,150.00","8,368.29",16.49
3/27/2018,"9,200.00","9,350.00","9,075.00","9,200.00","8,414.01",22.20
3/28/2018,"9,000.00","9,000.00","8,550.00","8,650.00","8,137.03",24.51
3/29/2018,"8,775.00","8,775.00","8,425.00","8,675.00","8,160.55",19.14
3/30/2018,"8,675.00","8,675.00","8,675.00","8,675.00","8,160.55",0.00
4/2/2018,"8,725.00","8,725.00","8,625.00","8,725.00","8,207.58",6.51
4/3/2018,"8,675.00","8,725.00","8,600.00","8,625.00","8,113.51",14.80
4/4/2018,"8,650.00","8,700.00","8,250.00","8,275.00","7,784.27",22.68
4/5/2018,"8,400.00","8,450.00","8,150.00","8,200.00","7,713.72",21.58
4/6/2018,"8,200.00","8,400.00","8,150.00","8,300.00","7,807.79",14.87
4/9/2018,"8,300.00","8,525.00","8,300.00","8,500.00","7,995.93",11.18
4/10/2018,"8,550.00","8,825.00","8,525.00","8,725.00","8,207.58",19.69
4/11/2018,"8,850.00","8,875.00","8,575.00","8,575.00","8,066.48",13.88
4/12/2018,"8,650.00","8,725.00","8,525.00","8,650.00","8,137.03",8.07
4/13/2018,"8,700.00","8,850.00","8,675.00","8,825.00","8,301.65",8.82
4/16/2018,"8,825.00","8,825.00","8,825.00","8,825.00","8,301.65",0.00
4/17/2018,"8,825.00","8,825.00","8,825.00","8,825.00","8,301.65",0.00
4/18/2018,"8,950.00","9,000.00","8,700.00","8,775.00","8,254.62",21.17
4/19/2018,"8,775.00","8,775.00","8,775.00","8,775.00","8,254.62",0.00
4/20/2018,"8,775.00","8,775.00","8,775.00","8,775.00","8,254.62",0.00
4/23/2018,"8,725.00","8,825.00","8,625.00","8,725.00","8,207.58",22.14
4/24/2018,"8,725.00","8,775.00","8,350.00","8,375.00","7,878.34",23.78
4/25/2018,"8,375.00","8,375.00","8,375.00","8,375.00","7,878.34",0.00
4/26/2018,"8,375.00","8,375.00","8,375.00","8,375.00","7,878.34",0.00
4/27/2018,"8,375.00","8,375.00","8,375.00","8,375.00","7,878.34",0.00
4/30/2018,"8,150.00","8,225.00","8,050.00","8,050.00","7,572.61",23.22
5/1/2018,"8,050.00","8,050.00","8,050.00","8,050.00","7,572.61",0.00
5/2/2018,"8,050.00","8,150.00","7,925.00","8,000.00","7,525.58",13.16
5/3/2018,"7,975.00","7,975.00","7,700.00","7,725.00","7,266.89",16.34
5/4/2018,"7,550.00","7,675.00","7,300.00","7,475.00","7,031.71",23.96
5/7/2018,"7,475.00","7,550.00","7,325.00","7,325.00","6,890.61",22.54
5/8/2018,"7,325.00","7,375.00","7,200.00","7,325.00","6,890.61",17.04
5/9/2018,"7,375.00","8,075.00","7,350.00","8,050.00","7,572.61",42.19
5/10/2018,"8,050.00","8,050.00","8,050.00","8,050.00","7,572.61",0.00
5/11/2018,"8,150.00","8,550.00","8,150.00","8,275.00","7,784.27",29.60
5/14/2018,"8,050.00","8,325.00","8,050.00","8,200.00","7,713.72",12.78
5/15/2018,"8,200.00","8,275.00","8,050.00","8,075.00","7,596.13",12.66
5/16/2018,"7,975.00","8,125.00","7,600.00","8,000.00","7,525.58",29.41
5/17/2018,"8,000.00","8,100.00","7,800.00","7,800.00","7,337.44",20.41
5/18/2018,"7,825.00","7,925.00","7,575.00","7,575.00","7,125.78",21.49
5/21/2018,"7,500.00","7,500.00","7,300.00","7,300.00","6,867.09",21.88
5/22/2018,"7,300.00","7,500.00","7,125.00","7,125.00","6,702.47",27.79
5/23/2018,"7,175.00","7,575.00","7,175.00","7,200.00","6,773.02",47.13
5/24/2018,"7,300.00","7,725.00","7,300.00","7,675.00","7,219.85",26.83
5/25/2018,"7,700.00","7,975.00","7,625.00","7,975.00","7,502.06",20.14
5/28/2018,"7,975.00","8,675.00","7,925.00","8,575.00","8,066.48",43.43
5/29/2018,"8,575.00","8,575.00","8,575.00","8,575.00","8,066.48",0.00
5/30/2018,"8,425.00","8,800.00","8,300.00","8,650.00","8,137.03",47.57
5/31/2018,"8,750.00","8,750.00","8,375.00","8,475.00","7,972.41",47.89
6/1/2018,"8,475.00","8,475.00","8,475.00","8,475.00","7,972.41",0.00
6/4/2018,"8,250.00","8,550.00","8,250.00","8,475.00","7,972.41",34.57
6/5/2018,"8,400.00","8,425.00","8,250.00","8,275.00","7,784.27",24.19
6/6/2018,"8,200.00","8,350.00","8,150.00","8,250.00","7,760.75",20.13
6/7/2018,"8,250.00","8,475.00","8,250.00","8,450.00","7,948.89",14.15
6/8/2018,"8,350.00","8,400.00","8,050.00","8,050.00","7,572.61",34.86
6/11/2018,"8,050.00","8,050.00","8,050.00","8,050.00","7,572.61",0.00
6/12/2018,"8,050.00","8,050.00","8,050.00","8,050.00","7,572.61",0.00
6/13/2018,"8,050.00","8,050.00","8,050.00","8,050.00","7,572.61",0.00
6/14/2018,"8,050.00","8,050.00","8,050.00","8,050.00","7,572.61",0.00
6/15/2018,"8,050.00","8,050.00","8,050.00","8,050.00","7,572.61",0.00
6/18/2018,"8,050.00","8,050.00","8,050.00","8,050.00","7,572.61",0.00
6/19/2018,"8,050.00","8,050.00","8,050.00","8,050.00","7,572.61",0.00
6/20/2018,"7,800.00","7,850.00","7,525.00","7,525.00","7,078.75",62.18
6/21/2018,"7,500.00","7,650.00","7,400.00","7,400.00","6,961.16",19.22
6/22/2018,"7,375.00","7,500.00","7,275.00","7,400.00","6,961.16",28.41
6/25/2018,"7,500.00","7,500.00","7,225.00","7,300.00","6,867.09",23.87
6/26/2018,"7,200.00","7,275.00","7,150.00","7,150.00","6,725.99",22.79
6/27/2018,"7,150.00","7,250.00","7,000.00","7,050.00","6,631.92",22.67
6/28/2018,"7,000.00","7,125.00","6,800.00","6,800.00","6,396.74",29.60
6/29/2018,"6,850.00","7,075.00","6,825.00","7,050.00","6,631.92",31.97
7/2/2018,"7,125.00","7,225.00","7,000.00","7,050.00","6,631.92",18.12
7/3/2018,"7,050.00","7,100.00","6,750.00","6,950.00","6,537.85",21.58
7/4/2018,"7,025.00","7,275.00","6,800.00","7,200.00","6,773.02",28.02
7/5/2018,"7,275.00","7,275.00","6,950.00","7,100.00","6,678.95",18.37
7/6/2018,"7,150.00","7,150.00","6,900.00","6,950.00","6,537.85",17.50
7/9/2018,"7,000.00","7,300.00","6,925.00","7,200.00","6,773.02",25.75
7/10/2018,"7,300.00","7,375.00","7,100.00","7,300.00","6,867.09",27.01
7/11/2018,"7,150.00","7,200.00","7,050.00","7,175.00","6,749.50",18.20
7/12/2018,"7,100.00","7,225.00","7,025.00","7,025.00","6,608.40",26.55
7/13/2018,"7,100.00","7,300.00","7,075.00","7,250.00","6,820.05",25.46
7/16/2018,"7,300.00","7,375.00","7,225.00","7,350.00","6,914.13",23.86
7/17/2018,"7,300.00","7,450.00","7,275.00","7,425.00","6,984.68",24.49
7/18/2018,"7,400.00","7,425.00","7,250.00","7,375.00","6,937.64",18.57
7/19/2018,"7,450.00","7,550.00","7,375.00","7,375.00","6,937.64",43.80
7/20/2018,"7,325.00","7,400.00","7,200.00","7,250.00","6,820.05",26.33
7/23/2018,"7,300.00","7,475.00","7,275.00","7,300.00","6,867.09",19.01
7/24/2018,"7,300.00","7,475.00","7,300.00","7,350.00","6,914.13",19.89
7/25/2018,"7,350.00","7,400.00","7,275.00","7,300.00","6,867.09",17.29
7/26/2018,"7,350.00","7,575.00","7,350.00","7,575.00","7,125.78",28.73
7/27/2018,"7,600.00","7,600.00","7,450.00","7,450.00","7,008.19",13.14
7/30/2018,"7,450.00","7,525.00","7,400.00","7,500.00","7,055.23",13.44
7/31/2018,"7,525.00","7,525.00","7,325.00","7,400.00","6,961.16",25.98
8/1/2018,"7,400.00","7,900.00","7,375.00","7,825.00","7,360.96",35.19
8/2/2018,"7,775.00","7,925.00","7,700.00","7,800.00","7,337.44",22.68
8/3/2018,"7,800.00","7,900.00","7,700.00","7,900.00","7,431.51",20.14
8/6/2018,"7,925.00","8,250.00","7,900.00","8,200.00","7,713.72",28.31
8/7/2018,"8,200.00","8,225.00","8,000.00","8,100.00","7,619.65",27.23
8/8/2018,"8,275.00","8,300.00","8,050.00","8,100.00","7,619.65",19.22
8/9/2018,"8,000.00","8,100.00","7,850.00","7,950.00","7,478.54",31.87
8/10/2018,"7,900.00","8,150.00","7,900.00","7,975.00","7,502.06",22.28
8/13/2018,"7,850.00","7,875.00","7,375.00","7,400.00","6,961.16",38.10
8/14/2018,"7,350.00","7,425.00","7,200.00","7,300.00","6,867.09",29.99
8/15/2018,"7,350.00","7,425.00","6,925.00","7,375.00","6,937.64",45.67
8/16/2018,"7,275.00","7,350.00","7,050.00","7,075.00","6,655.43",31.09
8/17/2018,"7,075.00","7,075.00","7,075.00","7,075.00","6,655.43",0.00
8/20/2018,"7,275.00","7,375.00","7,150.00","7,275.00","6,843.57",22.96
8/21/2018,"7,300.00","7,400.00","7,200.00","7,375.00","6,937.64",16.24
8/22/2018,"7,375.00","7,375.00","7,375.00","7,375.00","6,937.64",0.00
8/23/2018,"7,375.00","7,550.00","7,225.00","7,550.00","7,102.26",26.95
8/24/2018,"7,450.00","7,500.00","7,325.00","7,425.00","6,984.68",16.84
8/27/2018,"7,500.00","7,675.00","7,450.00","7,675.00","7,219.85",15.15
8/28/2018,"7,750.00","7,900.00","7,725.00","7,875.00","7,407.99",27.07
8/29/2018,"7,875.00","7,875.00","7,675.00","7,850.00","7,384.47",12.86
8/30/2018,"7,925.00","7,925.00","7,600.00","7,625.00","7,172.82",17.51
8/31/2018,"7,500.00","7,800.00","7,425.00","7,800.00","7,337.44",29.89
9/3/2018,"7,800.00","7,850.00","7,675.00","7,850.00","7,384.47",14.65
9/4/2018,"7,750.00","7,775.00","7,500.00","7,500.00","7,055.23",13.61
9/5/2018,"7,400.00","7,400.00","7,000.00","7,075.00","6,655.43",32.50
9/6/2018,"7,000.00","7,300.00","6,950.00","7,275.00","6,843.57",41.52
9/7/2018,"7,225.00","7,400.00","7,150.00","7,350.00","6,914.13",17.68
9/10/2018,"7,200.00","7,300.00","7,125.00","7,275.00","6,843.57",17.60
9/11/2018,"7,275.00","7,275.00","7,275.00","7,275.00","6,843.57",0.00
9/12/2018,"7,325.00","7,375.00","7,100.00","7,125.00","6,702.47",17.77
9/13/2018,"7,200.00","7,350.00","7,200.00","7,350.00","6,914.13",22.48
9/14/2018,"7,400.00","7,525.00","7,350.00","7,525.00","7,078.75",12.16
9/17/2018,"7,525.00","7,525.00","7,200.00","7,225.00","6,796.54",11.34
9/18/2018,"7,300.00","7,300.00","7,150.00","7,225.00","6,796.54",23.86
9/19/2018,"7,225.00","7,325.00","7,175.00","7,175.00","6,749.50",17.11
9/20/2018,"7,200.00","7,425.00","7,200.00","7,300.00","6,867.09",15.32
9/21/2018,"7,425.00","7,675.00","7,400.00","7,650.00","7,196.33",42.45
9/24/2018,"7,600.00","7,625.00","7,325.00","7,375.00","6,937.64",14.88
9/25/2018,"7,250.00","7,400.00","7,250.00","7,350.00","6,914.13",6.43
9/26/2018,"7,300.00","7,400.00","7,300.00","7,325.00","6,890.61",10.89
9/27/2018,"7,375.00","7,525.00","7,350.00","7,350.00","6,914.13",22.81
9/28/2018,"7,375.00","7,525.00","7,350.00","7,400.00","6,961.16",13.74
10/1/2018,"7,425.00","7,550.00","7,400.00","7,500.00","7,055.23",13.28
10/2/2018,"7,475.00","7,500.00","7,250.00","7,275.00","6,843.57",17.47
10/3/2018,"7,300.00","7,375.00","7,250.00","7,250.00","6,820.05",12.29
10/4/2018,"7,200.00","7,200.00","6,850.00","6,900.00","6,490.81",61.87
10/5/2018,"6,900.00","6,975.00","6,800.00","6,875.00","6,467.29",37.87
10/8/2018,"6,825.00","6,925.00","6,775.00","6,825.00","6,420.26",24.50
10/9/2018,"6,825.00","6,950.00","6,825.00","6,825.00","6,420.26",22.07
10/10/2018,"6,875.00","6,975.00","6,850.00","6,950.00","6,537.85",20.56
10/11/2018,"6,750.00","6,825.00","6,675.00","6,725.00","6,326.19",30.45
10/12/2018,"6,775.00","7,100.00","6,775.00","6,925.00","6,514.33",34.95
10/15/2018,"6,950.00","7,125.00","6,900.00","7,050.00","6,631.92",27.89
10/16/2018,"7,075.00","7,250.00","7,050.00","7,250.00","6,820.05",27.50
10/17/2018,"7,350.00","7,375.00","7,275.00","7,325.00","6,890.61",17.15
10/18/2018,"7,325.00","7,325.00","7,150.00","7,200.00","6,773.02",9.67
10/19/2018,"7,075.00","7,250.00","7,075.00","7,175.00","6,749.50",15.71
10/22/2018,"7,200.00","7,250.00","7,150.00","7,175.00","6,749.50",5.90
10/23/2018,"7,150.00","7,225.00","7,100.00","7,125.00","6,702.47",8.82
10/24/2018,"7,100.00","7,175.00","6,975.00","7,050.00","6,631.92",12.02
10/25/2018,"6,950.00","7,125.00","6,925.00","7,075.00","6,655.43",17.18
10/26/2018,"7,075.00","7,150.00","7,050.00","7,100.00","6,678.95",5.89
10/29/2018,"7,150.00","7,175.00","6,975.00","7,075.00","6,655.43",4.95
10/30/2018,"7,075.00","7,225.00","7,025.00","7,175.00","6,749.50",16.14
10/31/2018,"7,225.00","7,375.00","7,175.00","7,325.00","6,890.61",28.16
11/1/2018,"7,400.00","7,475.00","7,325.00","7,425.00","6,984.68",32.25
11/2/2018,"7,500.00","7,775.00","7,475.00","7,775.00","7,313.92",58.80
11/5/2018,"7,650.00","7,700.00","7,525.00","7,600.00","7,149.30",19.81
11/6/2018,"7,675.00","7,925.00","7,675.00","7,750.00","7,290.40",27.35
11/7/2018,"7,800.00","7,800.00","7,700.00","7,800.00","7,337.44",22.47
11/8/2018,"7,900.00","8,075.00","7,875.00","7,900.00","7,431.51",43.05
11/9/2018,"7,975.00","8,000.00","7,850.00","8,000.00","7,525.58",29.46
11/12/2018,"7,825.00","7,850.00","7,600.00","7,600.00","7,149.30",31.39
11/13/2018,"7,500.00","7,950.00","7,475.00","7,900.00","7,431.51",30.90
11/14/2018,"7,900.00","8,150.00","7,900.00","8,025.00","7,549.10",38.73
11/15/2018,"7,925.00","8,300.00","7,925.00","8,250.00","7,760.75",36.95
11/16/2018,"8,275.00","8,550.00","8,175.00","8,300.00","7,807.79",28.46
11/19/2018,"8,275.00","8,400.00","8,250.00","8,400.00","7,901.86",16.00
11/20/2018,"8,400.00","8,400.00","8,400.00","8,400.00","7,901.86",0.00
11/21/2018,"8,150.00","8,300.00","8,150.00","8,250.00","7,760.75",32.95
11/22/2018,"8,200.00","8,450.00","8,175.00","8,400.00","7,901.86",23.44
11/23/2018,"8,425.00","8,500.00","8,350.00","8,425.00","7,925.37",8.20
11/26/2018,"8,425.00","8,500.00","8,350.00","8,425.00","7,925.37",14.71
11/27/2018,"8,325.00","8,675.00","8,325.00","8,650.00","8,137.03",40.95
11/28/2018,"8,750.00","8,750.00","8,500.00","8,550.00","8,042.96",27.26
11/29/2018,"8,650.00","9,050.00","8,650.00","8,775.00","8,254.62",45.01
11/30/2018,"8,650.00","8,775.00","8,450.00","8,500.00","7,995.93",61.22
12/3/2018,"8,700.00","8,850.00","8,700.00","8,750.00","8,231.10",36.43
12/4/2018,"8,550.00","8,825.00","8,550.00","8,800.00","8,278.14",18.72
12/5/2018,"8,600.00","8,775.00","8,550.00","8,750.00","8,231.10",18.10
12/6/2018,"8,650.00","8,675.00","8,525.00","8,650.00","8,137.03",28.79
12/7/2018,"8,550.00","8,625.00","8,450.00","8,575.00","8,066.48",19.65
12/10/2018,"8,450.00","8,600.00","8,425.00","8,575.00","8,066.48",11.32
12/11/2018,"8,575.00","8,600.00","8,450.00","8,450.00","7,948.89",18.48
12/12/2018,"8,500.00","8,550.00","8,425.00","8,450.00","7,948.89",22.60
12/13/2018,"8,450.00","8,725.00","8,425.00","8,550.00","8,042.96",34.07
12/14/2018,"8,500.00","8,650.00","8,475.00","8,600.00","8,090.00",20.19
12/17/2018,"8,600.00","8,600.00","8,450.00","8,575.00","8,066.48",21.39
12/18/2018,"8,550.00","8,650.00","8,475.00","8,625.00","8,113.51",15.90
12/19/2018,"8,675.00","8,725.00","8,625.00","8,700.00","8,184.07",24.32
12/20/2018,"8,650.00","8,750.00","8,625.00","8,675.00","8,160.55",14.76
12/21/2018,"8,600.00","8,700.00","8,600.00","8,675.00","8,160.55",16.48
12/24/2018,"8,675.00","8,675.00","8,675.00","8,675.00","8,160.55",0.00
12/25/2018,"8,675.00","8,675.00","8,675.00","8,675.00","8,160.55",0.00
12/26/2018,"8,600.00","8,775.00","8,575.00","8,700.00","8,184.07",12.89
12/27/2018,"8,800.00","8,800.00","8,700.00","8,800.00","8,278.14",15.96
12/28/2018,"8,825.00","8,825.00","8,750.00","8,800.00","8,278.14",16.22
12/31/2018,"8,800.00","8,800.00","8,800.00","8,800.00","8,278.14",0.00
1/1/2019,"8,800.00","8,800.00","8,800.00","8,800.00","8,278.14",0.00
1/2/2019,"8,800.00","8,800.00","8,675.00","8,725.00","8,207.58",7.84
1/3/2019,"8,675.00","8,775.00","8,650.00","8,725.00","8,207.58",10.71
1/4/2019,"8,725.00","8,800.00","8,675.00","8,725.00","8,207.58",20.54
1/7/2019,"8,825.00","8,925.00","8,825.00","8,875.00","8,348.69",24.05
1/8/2019,"8,875.00","8,950.00","8,800.00","8,900.00","8,372.21",22.97
1/9/2019,"8,950.00","8,950.00","8,825.00","8,850.00","8,325.17",25.24
1/10/2019,"8,925.00","8,925.00","8,800.00","8,850.00","8,325.17",22.21
1/11/2019,"8,950.00","8,975.00","8,900.00","8,925.00","8,395.72",23.61
1/14/2019,"8,975.00","8,975.00","8,850.00","8,875.00","8,348.69",13.35
1/15/2019,"8,875.00","9,100.00","8,850.00","9,000.00","8,466.27",24.97
1/16/2019,"9,050.00","9,250.00","9,000.00","9,250.00","8,701.45",29.04
1/17/2019,"9,225.00","9,325.00","9,150.00","9,250.00","8,701.45",23.89
1/18/2019,"9,300.00","9,400.00","9,200.00","9,400.00","8,842.55",19.68
1/21/2019,"9,200.00","9,375.00","9,200.00","9,225.00","8,677.93",16.70
1/22/2019,"9,225.00","9,250.00","9,175.00","9,250.00","8,701.45",21.06
1/23/2019,"9,175.00","9,225.00","9,025.00","9,050.00","8,513.31",25.87
1/24/2019,"9,050.00","9,075.00","8,975.00","9,000.00","8,466.27",44.16
1/25/2019,"9,025.00","9,125.00","9,000.00","9,100.00","8,560.34",25.55
1/28/2019,"9,100.00","9,125.00","9,050.00","9,100.00","8,560.34",21.10
1/29/2019,"9,050.00","9,100.00","8,925.00","9,025.00","8,489.79",19.04
1/30/2019,"8,900.00","9,000.00","8,900.00","9,000.00","8,466.27",20.20
1/31/2019,"9,000.00","9,175.00","9,000.00","9,075.00","8,536.83",36.21
2/1/2019,"9,100.00","9,325.00","9,075.00","9,250.00","8,701.45",41.78
2/4/2019,"9,250.00","9,275.00","9,100.00","9,125.00","8,583.86",22.54
2/5/2019,"9,125.00","9,125.00","9,125.00","9,125.00","8,583.86",0.00
2/6/2019,"9,125.00","9,225.00","9,100.00","9,100.00","8,560.34",19.68
2/7/2019,"9,100.00","9,100.00","9,025.00","9,075.00","8,536.83",5.93
2/8/2019,"8,950.00","9,050.00","8,925.00","8,975.00","8,442.76",12.93
2/11/2019,"8,950.00","9,050.00","8,900.00","9,050.00","8,513.31",14.77
2/12/2019,"9,050.00","9,075.00","8,900.00","8,900.00","8,372.21",12.85
2/13/2019,"8,850.00","8,900.00","8,650.00","8,650.00","8,137.03",29.00
2/14/2019,"8,650.00","8,875.00","8,650.00","8,775.00","8,254.62",17.32
2/15/2019,"8,775.00","8,775.00","8,700.00","8,775.00","8,254.62",12.83
2/18/2019,"8,800.00","9,050.00","8,800.00","8,975.00","8,442.76",16.40
2/19/2019,"8,975.00","9,025.00","8,825.00","8,875.00","8,348.69",8.82
2/20/2019,"8,900.00","8,900.00","8,700.00","8,825.00","8,301.65",15.27
2/21/2019,"8,900.00","8,950.00","8,775.00","8,925.00","8,395.72",13.23
2/22/2019,"8,900.00","8,900.00","8,650.00","8,725.00","8,207.58",29.82
2/25/2019,"8,775.00","8,850.00","8,725.00","8,800.00","8,278.14",15.65
2/26/2019,"8,800.00","8,875.00","8,700.00","8,850.00","8,325.17",16.31
2/27/2019,"8,750.00","8,925.00","8,725.00","8,850.00","8,325.17",9.54
2/28/2019,"8,925.00","8,925.00","8,725.00","8,800.00","8,278.14",16.71
3/1/2019,"8,825.00","8,975.00","8,800.00","8,975.00","8,442.76",13.33
3/4/2019,"8,900.00","9,000.00","8,875.00","8,950.00","8,419.24",14.27
3/5/2019,"8,925.00","8,925.00","8,725.00","8,800.00","8,278.14",14.37
3/6/2019,"8,750.00","8,875.00","8,750.00","8,800.00","8,278.14",11.67
3/7/2019,"8,800.00","8,800.00","8,800.00","8,800.00","8,278.14",0.00
3/8/2019,"8,750.00","8,775.00","8,675.00","8,675.00","8,160.55",18.98
3/11/2019,"8,800.00","8,800.00","8,675.00","8,675.00","8,160.55",7.36
3/12/2019,"8,650.00","8,725.00","8,600.00","8,675.00","8,160.55",10.09
3/13/2019,"8,575.00","8,675.00","8,525.00","8,600.00","8,090.00",16.37
3/14/2019,"8,725.00","8,825.00","8,675.00","8,825.00","8,301.65",6.69
3/15/2019,"8,925.00","9,125.00","8,900.00","9,075.00","8,536.83",17.41
3/18/2019,"9,100.00","9,350.00","9,075.00","9,350.00","8,795.52",19.14
3/19/2019,"9,325.00","9,450.00","9,300.00","9,350.00","8,795.52",19.72
3/20/2019,"9,375.00","9,375.00","9,250.00","9,300.00","8,748.48",11.59
3/21/2019,"9,450.00","9,550.00","9,425.00","9,525.00","8,960.14",19.30
3/22/2019,"9,550.00","9,650.00","9,525.00","9,600.00","9,030.69",16.79
3/25/2019,"9,300.00","9,450.00","9,150.00","9,200.00","8,654.42",13.34
3/26/2019,"9,375.00","9,400.00","9,325.00","9,375.00","8,819.04",3.38
3/27/2019,"9,150.00","9,375.00","9,150.00","9,350.00","8,795.52",3.56
3/28/2019,"9,425.00","9,450.00","9,350.00","9,425.00","8,866.07",11.41
3/29/2019,"9,375.00","9,450.00","9,375.00","9,400.00","8,842.55",9.91
4/1/2019,"9,425.00","9,500.00","9,425.00","9,450.00","8,889.59",4.98
4/2/2019,"9,500.00","9,525.00","9,400.00","9,475.00","8,913.11",11.22
4/3/2019,"9,475.00","9,475.00","9,475.00","9,475.00","8,913.11",0.00
4/4/2019,"9,525.00","9,725.00","9,525.00","9,700.00","9,124.76",24.44
4/5/2019,"9,750.00","9,850.00","9,650.00","9,725.00","9,148.28",5.98
4/8/2019,"9,600.00","9,650.00","9,425.00","9,475.00","8,913.11",8.93
4/9/2019,"9,650.00","9,700.00","9,550.00","9,675.00","9,101.25",7.25
4/10/2019,"9,675.00","9,750.00","9,600.00","9,700.00","9,124.76",8.65
4/11/2019,"9,800.00","9,800.00","9,500.00","9,625.00","9,054.21",15.63
4/12/2019,"9,550.00","9,675.00","9,500.00","9,675.00","9,101.25",9.59
4/15/2019,"9,650.00","9,700.00","9,625.00","9,650.00","9,077.73",11.41
4/16/2019,"9,650.00","9,750.00","9,650.00","9,700.00","9,124.76",21.64
4/17/2019,"9,700.00","9,700.00","9,700.00","9,700.00","9,124.76",0.00
4/18/2019,"9,925.00","10,250.00","9,750.00","9,850.00","9,265.87",45.25
4/19/2019,"9,850.00","9,850.00","9,850.00","9,850.00","9,265.87",0.00
4/22/2019,"9,825.00","9,825.00","9,625.00","9,675.00","9,101.25",19.36
4/23/2019,"9,600.00","9,825.00","9,600.00","9,800.00","9,218.83",12.58
4/24/2019,"9,900.00","9,925.00","9,775.00","9,800.00","9,218.83",11.31
4/25/2019,"9,700.00","9,725.00","9,550.00","9,600.00","9,030.69",30.64
4/26/2019,"9,625.00","9,650.00","9,500.00","9,650.00","9,077.73",31.36
4/29/2019,"9,725.00","9,725.00","9,550.00","9,625.00","9,054.21",13.18
4/30/2019,"9,625.00","9,700.00","9,525.00","9,600.00","9,030.69",23.38
5/1/2019,"9,600.00","9,600.00","9,600.00","9,600.00","9,030.69",0.00
5/2/2019,"9,525.00","9,575.00","9,300.00","9,425.00","8,866.07",30.04
5/3/2019,"9,400.00","9,400.00","9,175.00","9,250.00","8,701.45",29.60
5/6/2019,"9,100.00","9,125.00","8,750.00","8,875.00","8,348.69",27.78
5/7/2019,"8,875.00","9,050.00","8,750.00","8,950.00","8,419.24",30.96
5/8/2019,"8,775.00","8,850.00","8,700.00","8,750.00","8,231.10",20.84
5/9/2019,"8,600.00","8,675.00","8,550.00","8,575.00","8,066.48",34.91
5/10/2019,"8,650.00","8,825.00","8,575.00","8,600.00","8,090.00",22.58
5/13/2019,"8,600.00","8,675.00","8,500.00","8,500.00","7,995.93",10.36
5/14/2019,"8,450.00","8,550.00","8,250.00","8,450.00","7,948.89",34.22
5/15/2019,"8,475.00","8,475.00","8,125.00","8,225.00","7,737.23",45.35
5/16/2019,"8,200.00","8,350.00","8,075.00","8,175.00","7,690.20",18.22
5/17/2019,"8,475.00","8,475.00","8,050.00","8,100.00","7,619.65",30.72
5/20/2019,"8,100.00","8,450.00","7,825.00","8,425.00","7,925.37",21.83
5/21/2019,"8,450.00","8,600.00","8,375.00","8,600.00","8,090.00",39.16
5/22/2019,"8,300.00","8,475.00","8,275.00","8,300.00","7,994.91",20.43
5/23/2019,"8,275.00","8,600.00","8,275.00","8,500.00","8,187.56",21.61
5/24/2019,"8,475.00","8,800.00","8,475.00","8,650.00","8,332.05",24.19
5/27/2019,"8,650.00","8,825.00","8,650.00","8,700.00","8,380.21",16.12
5/28/2019,"8,650.00","8,650.00","8,100.00","8,150.00","7,850.43",111.26
5/29/2019,"8,150.00","8,225.00","8,025.00","8,150.00","7,850.43",39.15
5/30/2019,"8,150.00","8,150.00","8,150.00","8,150.00","7,850.43",0.00
5/31/2019,"8,200.00","8,425.00","8,200.00","8,400.00","8,091.24",44.58
6/3/2019,"8,400.00","8,400.00","8,400.00","8,400.00","8,091.24",0.00
6/4/2019,"8,400.00","8,400.00","8,400.00","8,400.00","8,091.24",0.00
6/5/2019,"8,400.00","8,400.00","8,400.00","8,400.00","8,091.24",0.00
6/6/2019,"8,400.00","8,400.00","8,400.00","8,400.00","8,091.24",0.00
6/7/2019,"8,400.00","8,400.00","8,400.00","8,400.00","8,091.24",0.00
6/10/2019,"8,575.00","8,725.00","8,550.00","8,675.00","8,356.13",50.84
6/11/2019,"8,600.00","8,675.00","8,475.00","8,575.00","8,259.81",22.44
6/12/2019,"8,550.00","8,650.00","8,525.00","8,600.00","8,283.89",19.61
6/13/2019,"8,600.00","8,675.00","8,525.00","8,650.00","8,332.05",27.20
6/14/2019,"8,600.00","8,650.00","8,450.00","8,500.00","8,187.56",20.20
6/17/2019,"8,500.00","8,525.00","8,425.00","8,450.00","8,139.40",10.98
6/18/2019,"8,500.00","8,750.00","8,450.00","8,725.00","8,404.29",31.35
6/19/2019,null,null,null,null,null,null
6/20/2019,"9,000.00","9,000.00","8,725.00","8,800.00","8,476.54",27.20
6/21/2019,"8,875.00","8,900.00","8,800.00","8,850.00","8,524.70",25.76
6/24/2019,"8,900.00","8,975.00","8,800.00","8,875.00","8,548.78",16.05
6/25/2019,"8,950.00","8,975.00","8,900.00","8,925.00","8,596.94",9.17
6/26/2019,"8,925.00","8,950.00","8,850.00","8,850.00","8,524.70",14.44
6/27/2019,"8,950.00","8,950.00","8,875.00","8,900.00","8,572.86",9.10
6/28/2019,"8,925.00","9,225.00","8,900.00","9,200.00","8,861.83",40.92
7/1/2019,"9,300.00","9,450.00","9,300.00","9,375.00","9,030.40",28.25
7/2/2019,"9,350.00","9,375.00","9,275.00","9,350.00","9,006.32",16.53
7/3/2019,"9,350.00","9,350.00","9,250.00","9,325.00","8,982.24",17.27
7/4/2019,"9,325.00","9,400.00","9,300.00","9,375.00","9,030.40",12.14
7/5/2019,"9,275.00","9,325.00","9,100.00","9,200.00","8,861.83",20.01
7/8/2019,"9,075.00","9,175.00","8,950.00","8,975.00","8,645.10",19.52
7/9/2019,"8,975.00","9,175.00","8,975.00","9,150.00","8,813.67",10.95
7/10/2019,"9,125.00","9,250.00","9,125.00","9,150.00","8,813.67",17.07
7/11/2019,"9,200.00","9,275.00","9,150.00","9,250.00","8,910.00",13.74
7/12/2019,"9,200.00","9,250.00","9,150.00","9,200.00","8,861.83",13.54
7/15/2019,"9,250.00","9,325.00","9,175.00","9,175.00","8,837.75",19.50
7/16/2019,"9,175.00","9,200.00","9,050.00","9,075.00","8,741.43",17.23
7/17/2019,"8,975.00","9,075.00","8,975.00","9,050.00","8,717.35",10.63
7/18/2019,"9,050.00","9,075.00","8,850.00","8,875.00","8,548.78",19.83
7/19/2019,"8,875.00","8,975.00","8,850.00","8,900.00","8,572.86",14.73
7/22/2019,"8,875.00","8,950.00","8,775.00","8,850.00","8,524.70",14.62
7/23/2019,"8,900.00","8,925.00","8,625.00","8,625.00","8,307.97",41.24
7/24/2019,"8,550.00","8,575.00","8,425.00","8,425.00","8,115.32",43.41
7/25/2019,"8,425.00","8,525.00","8,425.00","8,500.00","8,187.56",32.34
7/26/2019,"8,450.00","8,475.00","8,400.00","8,425.00","8,115.32",19.68
7/29/2019,"8,400.00","8,450.00","8,300.00","8,350.00","8,043.08",20.15
7/30/2019,"8,300.00","8,375.00","8,225.00","8,350.00","8,043.08",27.28
7/31/2019,"8,400.00","8,500.00","8,275.00","8,475.00","8,163.48",21.85
8/1/2019,"8,450.00","8,450.00","8,250.00","8,250.00","7,946.75",32.36
8/2/2019,"8,175.00","8,175.00","8,025.00","8,100.00","7,802.27",39.39
8/5/2019,"8,025.00","8,050.00","7,900.00","7,925.00","7,633.70",30.65
8/6/2019,"7,800.00","7,950.00","7,550.00","7,825.00","7,537.37",35.00
8/7/2019,"7,900.00","8,000.00","7,825.00","7,875.00","7,585.54",28.25
8/8/2019,"7,900.00","8,150.00","7,875.00","8,125.00","7,826.35",26.34
8/9/2019,"8,150.00","8,175.00","7,925.00","7,925.00","7,633.70",20.60
8/12/2019,"7,950.00","8,000.00","7,800.00","7,925.00","7,633.70",13.15
8/13/2019,"7,875.00","7,900.00","7,825.00","7,900.00","7,609.62",18.11
8/14/2019,"8,000.00","8,125.00","7,950.00","8,100.00","7,802.27",26.55
8/15/2019,"7,900.00","8,025.00","7,850.00","8,025.00","7,730.02",17.06
8/16/2019,"8,025.00","8,100.00","7,900.00","7,925.00","7,633.70",12.85
8/19/2019,"8,000.00","8,025.00","7,825.00","7,875.00","7,585.54",10.52
8/20/2019,"7,925.00","7,925.00","7,725.00","7,750.00","7,465.13",17.18
8/21/2019,"7,700.00","7,775.00","7,575.00","7,575.00","7,296.56",18.11
8/22/2019,"7,625.00","7,725.00","7,475.00","7,600.00","7,320.64",31.28
8/23/2019,"7,600.00","7,650.00","7,450.00","7,625.00","7,344.73",17.75
8/26/2019,"7,475.00","7,525.00","7,375.00","7,500.00","7,224.32",15.14
8/27/2019,"7,450.00","7,625.00","7,450.00","7,575.00","7,296.56",23.38
8/28/2019,"7,600.00","7,625.00","7,525.00","7,600.00","7,320.64",14.95
8/29/2019,"7,625.00","7,625.00","7,500.00","7,525.00","7,248.40",21.36
8/30/2019,"7,575.00","7,700.00","7,575.00","7,700.00","7,416.97",18.24
9/2/2019,"7,675.00","7,725.00","7,625.00","7,625.00","7,344.73",10.08
9/3/2019,"7,650.00","7,675.00","7,325.00","7,450.00","7,176.16",17.41
9/4/2019,"7,500.00","7,500.00","7,325.00","7,425.00","7,152.08",24.55
9/5/2019,"7,500.00","7,575.00","7,450.00","7,525.00","7,248.40",15.75
9/6/2019,"7,600.00","7,650.00","7,550.00","7,600.00","7,320.64",18.85
9/9/2019,"7,600.00","7,625.00","7,500.00","7,550.00","7,272.48",12.67
9/10/2019,"7,550.00","7,775.00","7,550.00","7,750.00","7,465.13",19.70
9/11/2019,"7,750.00","8,000.00","7,750.00","8,000.00","7,705.94",29.59
9/12/2019,"8,100.00","8,125.00","7,850.00","7,875.00","7,585.54",24.03
9/13/2019,"7,950.00","7,975.00","7,825.00","7,850.00","7,561.46",8.87
9/16/2019,"7,750.00","7,800.00","7,575.00","7,675.00","7,392.89",17.74
9/17/2019,"7,575.00","7,775.00","7,575.00","7,750.00","7,465.13",14.49
9/18/2019,"7,800.00","7,900.00","7,775.00","7,900.00","7,609.62",12.26
9/19/2019,"7,950.00","7,950.00","7,775.00","7,775.00","7,489.21",12.59
9/20/2019,"7,725.00","7,775.00","7,625.00","7,650.00","7,368.81",26.53
9/23/2019,"7,600.00","7,650.00","7,525.00","7,575.00","7,296.56",17.12
9/24/2019,"7,575.00","7,575.00","7,400.00","7,450.00","7,176.16",19.44
9/25/2019,"7,400.00","7,525.00","7,350.00","7,475.00","7,200.24",13.45
9/26/2019,"7,525.00","7,650.00","7,500.00","7,550.00","7,272.48",15.31
9/27/2019,"7,525.00","7,550.00","7,425.00","7,425.00","7,152.08",15.46
9/30/2019,"7,375.00","7,400.00","7,150.00","7,350.00","7,079.83",40.04
10/1/2019,"7,325.00","7,400.00","7,250.00","7,275.00","7,007.59",16.09
10/2/2019,"7,225.00","7,300.00","6,900.00","6,925.00","6,670.46",36.57
10/3/2019,"6,850.00","7,000.00","6,800.00","6,900.00","6,646.37",21.28
10/4/2019,"6,900.00","7,000.00","6,850.00","6,875.00","6,622.29",13.28
10/7/2019,"6,925.00","6,950.00","6,650.00","6,675.00","6,429.65",21.80
10/8/2019,"6,750.00","6,825.00","6,700.00","6,825.00","6,574.13",20.96
10/9/2019,"6,800.00","6,800.00","6,725.00","6,750.00","6,501.89",12.62
10/10/2019,"6,750.00","6,850.00","6,725.00","6,750.00","6,501.89",11.64
10/11/2019,"6,800.00","7,000.00","6,800.00","6,975.00","6,718.62",16.61
10/14/2019,"7,075.00","7,075.00","6,900.00","6,925.00","6,670.46",25.57
10/15/2019,"6,950.00","7,200.00","6,825.00","7,150.00","6,887.19",34.40
10/16/2019,"7,200.00","7,250.00","7,050.00","7,250.00","6,983.51",32.74
10/17/2019,"7,250.00","7,400.00","7,225.00","7,375.00","7,103.92",30.78
10/18/2019,"7,350.00","7,500.00","7,350.00","7,475.00","7,200.24",19.09
10/21/2019,"7,475.00","7,500.00","7,325.00","7,375.00","7,103.92",18.70
10/22/2019,"7,425.00","7,475.00","7,200.00","7,325.00","7,055.75",22.15
10/23/2019,"7,300.00","7,550.00","7,225.00","7,550.00","7,272.48",32.84
10/24/2019,"7,600.00","8,075.00","7,600.00","7,900.00","7,609.62",74.99
10/25/2019,"7,925.00","7,975.00","7,725.00","7,825.00","7,537.37",29.31
10/28/2019,"7,850.00","7,875.00","7,725.00","7,775.00","7,489.21",10.61
10/29/2019,"7,775.00","7,825.00","7,650.00","7,725.00","7,441.05",24.46
10/30/2019,"7,750.00","7,850.00","7,625.00","7,750.00","7,465.13",23.35
10/31/2019,"7,700.00","7,775.00","7,600.00","7,675.00","7,392.89",14.37
11/1/2019,"7,725.00","7,725.00","7,625.00","7,675.00","7,392.89",9.65
11/4/2019,"7,675.00","7,750.00","7,625.00","7,625.00","7,344.73",16.76
11/5/2019,"7,600.00","7,800.00","7,575.00","7,725.00","7,441.05",50.65
11/6/2019,"7,775.00","7,775.00","7,450.00","7,500.00","7,224.32",36.78
11/7/2019,"7,500.00","7,600.00","7,275.00","7,600.00","7,320.64",23.98
11/8/2019,"7,650.00","7,700.00","7,500.00","7,675.00","7,392.89",17.19
11/11/2019,"7,600.00","7,650.00","7,500.00","7,550.00","7,272.48",14.85
11/12/2019,"7,500.00","7,600.00","7,450.00","7,600.00","7,320.64",21.64
11/13/2019,"7,600.00","7,600.00","7,350.00","7,350.00","7,079.83",23.81
11/14/2019,"7,375.00","7,425.00","7,175.00","7,300.00","7,031.67",29.59
11/15/2019,"7,350.00","7,550.00","7,300.00","7,450.00","7,176.16",17.11
11/18/2019,"7,475.00","7,525.00","7,350.00","7,425.00","7,152.08",20.82
11/19/2019,"7,475.00","7,600.00","7,375.00","7,600.00","7,320.64",21.05
11/20/2019,"7,600.00","7,675.00","7,500.00","7,650.00","7,368.81",24.16
11/21/2019,"7,625.00","7,725.00","7,525.00","7,700.00","7,416.97",21.04
11/22/2019,"7,700.00","7,700.00","7,625.00","7,650.00","7,368.81",10.62
11/25/2019,"7,625.00","7,650.00","7,475.00","7,500.00","7,224.32",12.59
11/26/2019,"7,525.00","7,575.00","7,425.00","7,500.00","7,224.32",36.92
11/27/2019,"7,450.00","7,575.00","7,425.00","7,475.00","7,200.24",12.38
11/28/2019,"7,475.00","7,575.00","7,350.00","7,400.00","7,128.00",10.99
11/29/2019,"7,400.00","7,525.00","7,325.00","7,500.00","7,224.32",10.17
12/2/2019,"7,450.00","7,700.00","7,450.00","7,550.00","7,272.48",32.33
12/3/2019,"7,525.00","7,650.00","7,475.00","7,550.00","7,272.48",20.82
12/4/2019,"7,500.00","7,550.00","7,425.00","7,425.00","7,152.08",21.10
12/5/2019,"7,450.00","7,525.00","7,425.00","7,450.00","7,176.16",26.99
12/6/2019,"7,500.00","7,625.00","7,475.00","7,575.00","7,296.56",14.77
12/9/2019,"7,625.00","7,650.00","7,525.00","7,575.00","7,296.56",18.49
12/10/2019,"7,575.00","7,650.00","7,525.00","7,600.00","7,320.64",19.19
12/11/2019,"7,650.00","7,650.00","7,525.00","7,525.00","7,248.40",15.79
12/12/2019,"7,550.00","7,675.00","7,525.00","7,525.00","7,248.40",25.44
12/13/2019,"7,625.00","7,700.00","7,575.00","7,650.00","7,368.81",24.45
12/16/2019,"7,650.00","7,750.00","7,600.00","7,700.00","7,416.97",29.98
12/17/2019,"7,700.00","7,725.00","7,650.00","7,700.00","7,416.97",22.59
12/18/2019,"7,700.00","7,850.00","7,650.00","7,825.00","7,537.37",42.20
12/19/2019,"7,825.00","7,850.00","7,750.00","7,825.00","7,537.37",19.30
12/20/2019,"7,825.00","7,825.00","7,750.00","7,800.00","7,513.29",18.86
12/23/2019,"7,850.00","7,925.00","7,800.00","7,925.00","7,633.70",22.92
12/26/2019,"7,950.00","8,000.00","7,925.00","7,950.00","7,657.78",17.65
12/27/2019,"7,950.00","7,975.00","7,850.00","7,925.00","7,633.70",9.69
12/30/2019,"7,950.00","7,975.00","7,800.00","7,850.00","7,561.46",17.80
1/2/2020,"7,875.00","7,875.00","7,775.00","7,775.00","7,489.21",9.30
1/3/2020,"7,800.00","7,875.00","7,650.00","7,800.00","7,513.29",16.13
1/6/2020,"7,750.00","7,750.00","7,600.00","7,625.00","7,344.73",13.12
1/7/2020,"7,675.00","7,700.00","7,525.00","7,550.00","7,272.48",19.02
1/8/2020,"7,500.00","7,525.00","7,400.00","7,425.00","7,152.08",20.46
1/9/2020,"7,500.00","7,700.00","7,500.00","7,700.00","7,416.97",21.89
1/10/2020,"7,700.00","7,825.00","7,675.00","7,725.00","7,441.05",20.99
1/13/2020,"7,750.00","7,800.00","7,700.00","7,775.00","7,489.21",12.36
1/14/2020,"7,825.00","7,850.00","7,725.00","7,850.00","7,561.46",20.14
1/15/2020,"7,800.00","7,875.00","7,650.00","7,675.00","7,392.89",17.68
1/16/2020,"7,675.00","7,775.00","7,625.00","7,700.00","7,416.97",19.01
1/17/2020,"7,700.00","7,775.00","7,675.00","7,775.00","7,489.21",16.82
1/20/2020,"7,725.00","7,800.00","7,525.00","7,550.00","7,272.48",17.59
1/21/2020,"7,575.00","7,650.00","7,500.00","7,575.00","7,296.56",16.45
1/22/2020,"7,625.00","7,700.00","7,575.00","7,625.00","7,344.73",22.25
1/23/2020,"7,625.00","7,725.00","7,550.00","7,650.00","7,368.81",22.08
1/24/2020,"7,600.00","7,775.00","7,600.00","7,700.00","7,416.97",17.85
1/27/2020,"7,700.00","7,700.00","7,450.00","7,450.00","7,176.16",14.19
1/28/2020,"7,400.00","7,475.00","7,300.00","7,475.00","7,200.24",21.49
1/29/2020,"7,475.00","7,525.00","7,350.00","7,350.00","7,079.83",16.75
1/30/2020,"7,350.00","7,425.00","7,250.00","7,250.00","6,983.51",13.45
1/31/2020,"7,300.00","7,300.00","7,100.00","7,200.00","6,935.35",27.10
2/3/2020,"7,100.00","7,300.00","7,075.00","7,125.00","6,863.10",20.15
2/4/2020,"7,225.00","7,375.00","7,175.00","7,350.00","7,079.83",19.66
2/5/2020,"7,350.00","7,425.00","7,250.00","7,425.00","7,152.08",16.08
2/6/2020,"7,500.00","7,525.00","7,350.00","7,350.00","7,079.83",16.80
2/7/2020,"7,400.00","7,400.00","7,350.00","7,350.00","7,079.83",19.62
2/10/2020,"7,325.00","7,325.00","7,225.00","7,325.00","7,055.75",12.08
2/11/2020,"7,300.00","7,375.00","7,275.00","7,300.00","7,031.67",8.66
2/12/2020,"7,300.00","7,375.00","7,275.00","7,275.00","7,007.59",11.26
2/13/2020,"7,275.00","7,425.00","7,275.00","7,400.00","7,128.00",20.52
2/14/2020,"7,375.00","7,600.00","7,325.00","7,525.00","7,248.40",25.73
2/17/2020,"7,600.00","7,650.00","7,525.00","7,625.00","7,344.73",14.49
2/18/2020,"7,650.00","7,750.00","7,600.00","7,700.00","7,416.97",23.32
2/19/2020,"7,675.00","7,825.00","7,625.00","7,775.00","7,489.21",25.85
2/20/2020,"7,800.00","7,950.00","7,800.00","7,925.00","7,633.70",35.93
2/21/2020,"7,875.00","7,875.00","7,725.00","7,775.00","7,489.21",47.22
2/24/2020,"7,600.00","7,700.00","7,475.00","7,575.00","7,296.56",29.76
2/25/2020,"7,500.00","7,625.00","7,475.00","7,500.00","7,224.32",16.99
2/26/2020,"7,400.00","7,425.00","7,300.00","7,300.00","7,031.67",36.23
2/27/2020,"7,250.00","7,300.00","6,925.00","7,075.00","6,814.94",29.66
2/28/2020,"6,800.00","7,025.00","6,675.00","7,025.00","6,766.78",52.15
3/2/2020,"6,950.00","6,975.00","6,550.00","6,750.00","6,698.54",41.38
3/3/2020,"6,850.00","6,950.00","6,700.00","6,800.00","6,748.16",41.71
3/4/2020,"6,800.00","7,000.00","6,725.00","6,950.00","6,897.02",38.85
3/5/2020,"7,000.00","7,050.00","6,750.00","6,825.00","6,772.97",39.13
3/6/2020,"6,700.00","6,700.00","6,400.00","6,400.00","6,351.21",42.86
3/9/2020,"6,025.00","6,125.00","5,600.00","5,650.00","5,606.93",68.06
3/10/2020,"5,700.00","5,925.00","5,600.00","5,675.00","5,631.74",82.27
3/11/2020,"5,675.00","5,725.00","5,275.00","5,525.00","5,482.88",53.29
3/12/2020,"5,200.00","5,375.00","5,000.00","5,025.00","4,986.69",67.69
3/13/2020,"5,025.00","5,025.00","5,025.00","5,025.00","4,986.69",0.00
3/16/2020,"5,100.00","5,250.00","4,840.00","4,840.00","4,803.10",49.17
3/17/2020,"4,830.00","4,840.00","4,510.00","4,510.00","4,475.62",68.57
3/18/2020,"4,590.00","4,590.00","4,200.00","4,200.00","4,167.98",72.27
3/19/2020,"3,920.00","3,950.00","3,910.00","3,910.00","3,880.19",10.95
3/20/2020,"3,800.00","3,800.00","3,640.00","3,640.00","3,612.25",175.72
3/23/2020,"3,530.00","3,530.00","3,390.00","3,390.00","3,364.16",10.57
3/24/2020,"3,310.00","3,430.00","3,160.00","3,160.00","3,135.91",132.09
3/26/2020,"3,160.00","3,690.00","2,970.00","3,590.00","3,562.63",190.76
3/27/2020,"3,670.00","4,240.00","3,650.00","3,990.00","3,959.58",164.99
3/30/2020,"3,960.00","3,960.00","3,720.00","3,720.00","3,691.64",41.07
3/31/2020,"3,830.00","4,020.00","3,720.00","3,820.00","3,790.88",99.61
4/1/2020,"3,830.00","4,000.00","3,670.00","3,680.00","3,651.95",86.49
4/2/2020,"3,690.00","3,850.00","3,470.00","3,850.00","3,820.65",58.98
4/3/2020,"3,880.00","4,040.00","3,840.00","4,010.00","3,979.43",47.58
4/6/2020,"4,060.00","4,300.00","4,010.00","4,290.00","4,257.30",61.48
4/7/2020,"4,490.00","4,650.00","4,120.00","4,310.00","4,277.15",81.63
4/8/2020,"4,200.00","4,240.00","4,010.00","4,010.00","3,979.43",61.53
4/9/2020,"4,100.00","4,150.00","3,870.00","3,990.00","3,959.58",36.66
4/13/2020,"4,000.00","4,070.00","3,900.00","3,990.00","3,959.58",20.52
4/14/2020,"4,000.00","4,190.00","4,000.00","4,150.00","4,118.36",28.84
4/15/2020,"4,160.00","4,230.00","3,990.00","4,200.00","4,167.98",37.60
4/16/2020,"4,100.00","4,100.00","3,950.00","3,980.00","3,949.66",46.38
4/17/2020,"4,070.00","4,170.00","4,070.00","4,160.00","4,128.29",44.52
4/20/2020,"4,170.00","4,240.00","4,070.00","4,100.00","4,068.75",34.88
4/21/2020,"4,080.00","4,100.00","3,990.00","4,030.00","3,999.28",20.86
4/22/2020,"3,970.00","4,070.00","3,900.00","4,020.00","3,989.36",52.83
4/23/2020,"4,050.00","4,070.00","3,990.00","4,020.00","3,989.36",38.19
4/24/2020,"4,020.00","4,020.00","3,780.00","3,800.00","3,771.03",50.32
4/27/2020,"3,870.00","3,920.00","3,750.00","3,800.00","3,771.03",34.31
4/28/2020,"3,820.00","3,830.00","3,750.00","3,820.00","3,790.88",35.00
4/29/2020,"3,850.00","3,850.00","3,750.00","3,760.00","3,731.34",32.63
4/30/2020,"3,820.00","4,100.00","3,800.00","4,100.00","4,068.75",63.19
5/4/2020,"4,000.00","4,000.00","3,870.00","3,920.00","3,890.12",33.13
5/5/2020,"3,960.00","4,030.00","3,780.00","3,840.00","3,810.73",54.28
5/6/2020,"3,850.00","3,890.00","3,820.00","3,830.00","3,800.80",41.26
5/8/2020,"3,850.00","3,870.00","3,790.00","3,800.00","3,771.03",45.52
5/11/2020,"3,860.00","3,860.00","3,800.00","3,800.00","3,771.03",40.35
5/12/2020,"3,820.00","3,820.00","3,650.00","3,660.00","3,632.10",82.39
5/13/2020,"3,640.00","3,740.00","3,580.00","3,720.00","3,691.64",39.01
5/14/2020,"3,670.00","3,740.00","3,510.00","3,540.00","3,513.01",47.31
5/15/2020,"3,570.00","3,590.00","3,300.00","3,340.00","3,314.54",86.96
5/18/2020,"3,380.00","3,410.00","3,270.00","3,330.00","3,304.62",41.81
5/19/2020,"3,400.00","3,580.00","3,380.00","3,520.00","3,493.17",77.08
5/20/2020,"3,570.00","3,640.00","3,420.00","3,600.00","3,572.56",74.30
5/26/2020,"3,660.00","3,660.00","3,580.00","3,630.00","3,602.33",44.45
5/27/2020,"3,640.00","3,700.00","3,580.00","3,630.00","3,602.33",64.24
5/28/2020,"3,640.00","3,790.00","3,630.00","3,660.00","3,632.10",116.83
5/29/2020,"3,660.00","3,860.00","3,590.00","3,830.00","3,800.80",147.06
6/2/2020,"3,900.00","4,040.00","3,850.00","3,970.00","3,939.74",131.58
6/3/2020,"4,020.00","4,190.00","3,880.00","4,130.00","4,098.52",138.50
6/4/2020,"4,200.00","4,360.00","4,110.00","4,140.00","4,108.44",113.52
6/5/2020,"4,200.00","4,290.00","4,030.00","4,250.00","4,217.60",72.69
6/8/2020,"4,350.00","4,940.00","4,340.00","4,830.00","4,793.18",155.72
6/9/2020,"4,900.00","5,150.00","4,850.00","4,860.00","4,822.95",142.86
6/10/2020,"4,850.00","4,850.00","4,520.00","4,520.00","4,485.54",151.78
6/11/2020,"4,510.00","4,510.00","4,210.00","4,210.00","4,177.91",222.04
6/12/2020,"4,210.00","4,470.00","3,940.00","4,470.00","4,435.93",199.78
6/15/2020,"4,480.00","4,500.00","4,180.00","4,200.00","4,167.98",116.65
6/16/2020,"4,350.00","4,610.00","4,350.00","4,610.00","4,574.86",131.65
6/17/2020,"4,680.00","4,750.00","4,510.00","4,550.00","4,515.32",93.13
6/18/2020,"4,500.00","4,570.00","4,430.00","4,500.00","4,465.70",52.06
6/19/2020,"4,550.00","4,570.00","4,450.00","4,480.00","4,445.85",41.24
6/22/2020,"4,480.00","4,510.00","4,440.00","4,470.00","4,435.93",25.50
6/23/2020,"4,470.00","4,470.00","4,320.00","4,380.00","4,346.61",41.77
6/24/2020,"4,410.00","4,780.00","4,410.00","4,740.00","4,703.87",151.06
6/25/2020,"4,670.00","4,690.00","4,510.00","4,550.00","4,515.32",117.82
6/26/2020,"4,650.00","4,690.00","4,550.00","4,580.00","4,545.09",66.80
6/29/2020,"4,550.00","4,600.00","4,490.00","4,590.00","4,555.01",34.98
6/30/2020,"4,670.00","4,700.00","4,550.00","4,580.00","4,545.09",61.77
7/1/2020,"4,600.00","4,630.00","4,510.00","4,540.00","4,505.39",37.01
7/2/2020,"4,540.00","4,600.00","4,540.00","4,590.00","4,555.01",28.62
7/3/2020,"4,600.00","4,640.00","4,550.00","4,560.00","4,525.24",23.76
7/6/2020,"4,590.00","4,640.00","4,580.00","4,610.00","4,574.86",31.02
7/7/2020,"4,650.00","4,660.00","4,580.00","4,600.00","4,564.93",41.04
7/8/2020,"4,600.00","4,830.00","4,580.00","4,800.00","4,763.41",115.29
7/9/2020,"4,820.00","4,860.00","4,720.00","4,730.00","4,693.94",58.25
7/10/2020,"4,700.00","4,730.00","4,650.00","4,670.00","4,634.40",37.65
7/13/2020,"4,700.00","4,770.00","4,700.00","4,750.00","4,713.79",35.55
7/14/2020,"4,750.00","4,780.00","4,700.00","4,720.00","4,684.02",48.06
7/15/2020,"4,760.00","4,780.00","4,710.00","4,710.00","4,674.10",42.31
7/16/2020,"4,710.00","4,740.00","4,680.00","4,700.00","4,664.17",43.05
7/17/2020,"4,680.00","4,720.00","4,670.00","4,670.00","4,634.40",18.78
7/20/2020,"4,690.00","4,690.00","4,510.00","4,540.00","4,505.39",67.70
7/21/2020,"4,570.00","4,700.00","4,560.00","4,680.00","4,644.32",60.84
7/22/2020,"4,700.00","4,750.00","4,660.00","4,670.00","4,634.40",48.43
7/23/2020,"4,690.00","4,790.00","4,670.00","4,710.00","4,674.10",76.06
7/24/2020,"4,710.00","4,710.00","4,590.00","4,610.00","4,574.86",54.60
7/27/2020,"4,640.00","4,660.00","4,600.00","4,650.00","4,614.55",27.07
7/28/2020,"4,660.00","4,710.00","4,650.00","4,680.00","4,644.32",35.24
7/29/2020,"4,660.00","4,660.00","4,580.00","4,590.00","4,555.01",64.03
7/30/2020,"4,610.00","4,630.00","4,570.00","4,600.00","4,564.93",48.40
8/3/2020,"4,650.00","4,650.00","4,300.00","4,440.00","4,406.15",73.25
8/4/2020,"4,470.00","4,560.00","4,450.00","4,560.00","4,525.24",33.20
8/5/2020,"4,570.00","4,640.00","4,510.00","4,630.00","4,594.71",41.15
8/6/2020,"4,650.00","4,670.00","4,630.00","4,640.00","4,604.63",32.26
8/7/2020,"4,640.00","4,680.00","4,600.00","4,620.00","4,584.78",28.42
8/10/2020,"4,620.00","4,640.00","4,610.00","4,620.00","4,584.78",14.83
8/11/2020,"4,630.00","4,820.00","4,630.00","4,780.00","4,743.56",96.46
8/12/2020,"4,800.00","5,200.00","4,760.00","5,125.00","5,085.93",181.20
8/13/2020,"5,200.00","5,350.00","5,025.00","5,075.00","5,036.31",87.60
8/14/2020,"5,075.00","5,100.00","5,000.00","5,000.00","4,961.89",57.15
8/18/2020,"5,050.00","5,225.00","5,025.00","5,050.00","5,011.50",101.77
8/19/2020,"5,075.00","5,200.00","5,000.00","5,050.00","5,011.50",79.55
8/24/2020,"5,075.00","5,150.00","5,050.00","5,100.00","5,061.12",52.73
8/25/2020,"5,150.00","5,350.00","5,150.00","5,275.00","5,234.79",92.77
8/26/2020,"5,300.00","5,350.00","5,200.00","5,325.00","5,284.41",72.83
8/27/2020,"5,325.00","5,425.00","5,250.00","5,300.00","5,259.60",56.67
8/28/2020,"5,325.00","5,350.00","5,225.00","5,250.00","5,209.98",41.90
8/31/2020,"5,300.00","5,325.00","5,000.00","5,100.00","5,061.12",125.96
9/1/2020,"5,150.00","5,175.00","5,025.00","5,175.00","5,135.55",54.44
9/2/2020,"5,250.00","5,275.00","5,125.00","5,225.00","5,185.17",46.21
9/3/2020,"5,275.00","5,375.00","5,250.00","5,350.00","5,309.22",133.94
9/4/2020,"5,250.00","5,250.00","5,125.00","5,225.00","5,185.17",94.10
9/7/2020,"5,225.00","5,275.00","5,125.00","5,250.00","5,209.98",40.93
9/8/2020,"5,300.00","5,300.00","5,225.00","5,250.00","5,209.98",22.60
9/9/2020,"5,150.00","5,175.00","5,025.00","5,025.00","4,986.69",73.42
9/10/2020,"4,780.00","4,790.00","4,680.00","4,680.00","4,644.32",132.10
9/11/2020,"4,450.00","4,880.00","4,420.00","4,870.00","4,832.88",121.46
9/14/2020,"4,980.00","5,050.00","4,910.00","5,050.00","5,011.50",77.51
9/15/2020,"5,050.00","5,100.00","4,910.00","4,940.00","4,902.34",49.09
9/16/2020,"4,990.00","4,990.00","4,870.00","4,870.00","4,832.88",30.25
9/17/2020,"4,860.00","4,890.00","4,700.00","4,720.00","4,684.02",62.09
9/18/2020,"4,720.00","4,810.00","4,700.00","4,740.00","4,703.87",43.65
9/21/2020,"4,760.00","4,760.00","4,550.00","4,590.00","4,555.01",44.02
9/22/2020,"4,500.00","4,640.00","4,460.00","4,540.00","4,505.39",48.24
9/23/2020,"4,570.00","4,600.00","4,360.00","4,420.00","4,386.31",55.81
9/24/2020,"4,360.00","4,400.00","4,310.00","4,330.00","4,296.99",50.77
9/25/2020,"4,360.00","4,600.00","4,360.00","4,600.00","4,564.93",54.99
9/28/2020,"4,650.00","4,690.00","4,500.00","4,540.00","4,505.39",31.06
9/29/2020,"4,600.00","4,650.00","4,470.00","4,510.00","4,475.62",42.23
9/30/2020,"4,550.00","4,560.00","4,370.00","4,440.00","4,406.15",31.95
10/1/2020,"4,490.00","4,580.00","4,470.00","4,570.00","4,535.16",25.88
10/2/2020,"4,580.00","4,590.00","4,380.00","4,510.00","4,475.62",30.72
10/5/2020,"4,540.00","4,620.00","4,500.00","4,620.00","4,584.78",29.86
10/6/2020,"4,710.00","4,740.00","4,650.00","4,670.00","4,634.40",49.03
10/7/2020,"4,620.00","4,690.00","4,610.00","4,670.00","4,634.40",24.10
10/8/2020,"4,720.00","4,720.00","4,650.00","4,670.00","4,634.40",21.08
10/9/2020,"4,700.00","4,700.00","4,620.00","4,640.00","4,604.63",25.51
10/12/2020,"4,690.00","4,710.00","4,660.00","4,670.00","4,634.40",31.64
10/13/2020,"4,670.00","4,780.00","4,620.00","4,760.00","4,723.71",45.26
10/14/2020,"4,760.00","4,950.00","4,760.00","4,950.00","4,912.27",66.92
10/15/2020,"4,950.00","4,950.00","4,780.00","4,780.00","4,743.56",53.22
10/16/2020,"4,850.00","4,860.00","4,760.00","4,810.00","4,773.33",27.06
10/19/2020,"4,850.00","4,900.00","4,820.00","4,890.00","4,852.72",36.51
10/20/2020,"4,870.00","4,890.00","4,810.00","4,810.00","4,773.33",28.63
10/21/2020,"4,850.00","4,930.00","4,850.00","4,880.00","4,842.80",44.70
10/22/2020,"4,830.00","4,880.00","4,830.00","4,860.00","4,822.95",22.29
10/23/2020,"4,860.00","4,900.00","4,840.00","4,850.00","4,813.03",23.11
10/26/2020,"4,870.00","4,920.00","4,830.00","4,850.00","4,813.03",56.48
10/27/2020,"4,800.00","4,850.00","4,730.00","4,740.00","4,703.87",88.24
11/2/2020,"4,700.00","4,710.00","4,590.00","4,660.00","4,624.48",72.58
11/3/2020,"4,700.00","4,740.00","4,660.00","4,670.00","4,634.40",44.97
11/4/2020,"4,700.00","4,720.00","4,600.00","4,620.00","4,584.78",35.40
11/5/2020,"4,720.00","4,850.00","4,680.00","4,830.00","4,793.18",90.28
11/6/2020,"4,860.00","5,025.00","4,770.00","4,960.00","4,922.19",120.36
11/9/2020,"5,050.00","5,150.00","5,000.00","5,100.00","5,061.12",83.37
11/10/2020,"5,250.00","5,350.00","5,200.00","5,325.00","5,284.41",125.53
11/11/2020,"5,375.00","5,525.00","5,325.00","5,475.00","5,433.26",107.38
11/12/2020,"5,550.00","5,550.00","5,300.00","5,375.00","5,334.03",66.99
11/13/2020,"5,325.00","5,700.00","5,275.00","5,650.00","5,606.93",99.20
11/16/2020,"5,750.00","5,850.00","5,650.00","5,675.00","5,631.74",86.88
11/17/2020,"5,750.00","5,800.00","5,675.00","5,750.00","5,706.17",63.44
11/18/2020,"5,750.00","5,775.00","5,650.00","5,725.00","5,681.36",48.75
11/19/2020,"5,675.00","5,800.00","5,650.00","5,750.00","5,706.17",61.33
11/20/2020,"5,700.00","5,800.00","5,650.00","5,675.00","5,631.74",53.14
11/23/2020,"5,675.00","5,975.00","5,625.00","5,900.00","5,855.02",82.54
11/24/2020,"5,975.00","5,975.00","5,900.00","5,950.00","5,904.64",61.99
11/25/2020,"6,000.00","6,175.00","6,000.00","6,050.00","6,003.88",101.21
11/26/2020,"6,050.00","6,350.00","6,025.00","6,300.00","6,251.98",66.77
11/27/2020,"6,300.00","6,375.00","6,200.00","6,350.00","6,301.59",64.92
11/30/2020,"6,350.00","6,350.00","5,950.00","6,000.00","5,954.26",160.41
12/1/2020,"6,075.00","6,250.00","5,925.00","6,250.00","6,202.36",99.79
12/2/2020,"6,300.00","6,375.00","6,200.00","6,350.00","6,301.59",51.99
12/3/2020,"6,375.00","6,500.00","6,300.00","6,350.00","6,301.59",64.15
12/4/2020,"6,325.00","6,425.00","6,200.00","6,350.00","6,301.59",43.91
12/7/2020,"6,500.00","6,675.00","6,450.00","6,650.00","6,599.31",60.64
12/8/2020,"6,650.00","6,700.00","6,550.00","6,650.00","6,599.31",35.17
12/10/2020,"6,650.00","6,700.00","6,575.00","6,600.00","6,549.69",48.71
12/11/2020,"6,650.00","6,700.00","6,550.00","6,575.00","6,524.88",31.36
12/14/2020,"6,575.00","6,625.00","6,450.00","6,575.00","6,524.88",59.19
12/15/2020,"6,525.00","6,550.00","6,450.00","6,500.00","6,450.45",41.75
12/16/2020,"6,550.00","6,675.00","6,550.00","6,675.00","6,624.12",49.32
12/17/2020,"6,700.00","6,750.00","6,600.00","6,675.00","6,624.12",40.74
12/18/2020,"6,625.00","6,700.00","6,600.00","6,650.00","6,599.31",28.19
12/21/2020,"6,675.00","6,725.00","6,575.00","6,600.00","6,549.69",34.25
12/22/2020,"6,525.00","6,575.00","6,275.00","6,300.00","6,251.98",63.71
12/23/2020,"6,300.00","6,425.00","5,950.00","6,250.00","6,202.36",55.53
12/28/2020,"6,400.00","6,450.00","6,150.00","6,450.00","6,400.83",30.96
12/29/2020,"6,450.00","6,475.00","6,250.00","6,300.00","6,251.98",25.87
12/30/2020,"6,300.00","6,350.00","6,150.00","6,175.00","6,127.93",38.24
1/4/2021,"6,250.00","6,400.00","6,100.00","6,375.00","6,326.40",40.86
1/5/2021,"6,400.00","6,500.00","6,300.00","6,500.00","6,450.45",34.25
1/6/2021,"6,525.00","6,550.00","6,200.00","6,400.00","6,351.21",37.15
1/7/2021,"6,475.00","6,500.00","6,350.00","6,425.00","6,376.02",37.07
1/8/2021,"6,425.00","6,500.00","6,375.00","6,475.00","6,425.64",36.41
1/11/2021,"6,475.00","6,600.00","6,450.00","6,525.00","6,475.26",74.68
1/12/2021,"6,600.00","6,675.00","6,475.00","6,500.00","6,450.45",60.24
1/13/2021,"6,525.00","6,600.00","6,475.00","6,525.00","6,475.26",42.31
1/14/2021,"6,525.00","6,600.00","6,425.00","6,450.00","6,400.83",34.20
1/15/2021,"6,450.00","6,500.00","6,250.00","6,325.00","6,276.78",52.80
1/18/2021,"6,300.00","6,375.00","6,200.00","6,300.00","6,251.98",40.42
1/19/2021,"6,300.00","6,375.00","6,150.00","6,225.00","6,177.55",44.44
1/20/2021,"6,200.00","6,475.00","6,200.00","6,425.00","6,376.02",54.83
1/21/2021,"6,500.00","6,575.00","6,425.00","6,425.00","6,376.02",29.80
1/22/2021,"6,400.00","6,450.00","6,250.00","6,275.00","6,227.17",44.75
1/25/2021,"6,275.00","6,300.00","6,125.00","6,225.00","6,177.55",31.40
1/26/2021,"6,225.00","6,275.00","6,000.00","6,075.00","6,028.69",47.38
1/27/2021,"6,075.00","6,100.00","5,825.00","5,975.00","5,929.45",60.54
1/28/2021,"5,800.00","5,950.00","5,700.00","5,775.00","5,730.98",52.84
1/29/2021,"5,800.00","5,975.00","5,450.00","5,550.00","5,507.69",77.90
2/1/2021,"5,550.00","5,875.00","5,250.00","5,850.00","5,805.41",76.66
2/2/2021,"5,875.00","6,050.00","5,850.00","5,900.00","5,855.02",56.89
2/3/2021,"6,050.00","6,400.00","5,975.00","6,300.00","6,251.98",119.78
2/4/2021,"6,325.00","6,350.00","6,175.00","6,275.00","6,227.17",50.13
2/5/2021,"6,350.00","6,375.00","6,225.00","6,300.00","6,251.98",23.03
2/8/2021,"6,300.00","6,375.00","6,275.00","6,300.00","6,251.98",22.43
2/9/2021,"6,275.00","6,400.00","6,200.00","6,225.00","6,177.55",43.13
2/10/2021,"6,225.00","6,275.00","6,150.00","6,200.00","6,152.74",15.01
2/11/2021,"6,250.00","6,250.00","6,150.00","6,200.00","6,152.74",13.33
2/15/2021,"6,250.00","6,325.00","6,175.00","6,225.00","6,177.55",26.53
2/16/2021,"6,250.00","6,375.00","6,175.00","6,350.00","6,301.59",37.91
2/17/2021,"6,375.00","6,400.00","6,150.00","6,150.00","6,103.12",44.94
2/18/2021,"6,100.00","6,200.00","6,000.00","6,025.00","5,979.07",32.20
2/19/2021,"6,000.00","6,050.00","5,925.00","6,000.00","5,954.26",25.76
2/22/2021,"6,000.00","6,075.00","5,925.00","5,925.00","5,879.83",34.74
2/23/2021,"5,925.00","6,000.00","5,900.00","5,950.00","5,904.64",19.16
2/24/2021,"5,975.00","6,100.00","5,975.00","6,075.00","6,028.69",31.16
2/25/2021,"6,150.00","6,200.00","6,075.00","6,075.00","6,028.69",34.21
2/26/2021,"5,950.00","6,100.00","5,925.00","5,950.00","5,904.64",67.51
3/1/2021,"6,000.00","6,225.00","5,975.00","6,225.00","6,177.55",41.19
3/2/2021,"6,275.00","6,300.00","6,100.00","6,150.00","6,103.12",28.56
3/3/2021,"6,150.00","6,200.00","6,025.00","6,025.00","5,979.07",32.43
3/4/2021,"6,025.00","6,075.00","5,975.00","6,000.00","5,954.26",17.68
3/5/2021,"5,900.00","6,050.00","5,875.00","6,000.00","5,954.26",24.10
3/8/2021,"6,075.00","6,100.00","6,000.00","6,000.00","5,954.26",12.37
3/9/2021,"6,075.00","6,100.00","5,925.00","5,975.00","5,929.45",21.66
3/10/2021,"6,025.00","6,100.00","5,950.00","6,050.00","6,003.88",15.47
3/12/2021,"6,125.00","6,200.00","6,050.00","6,150.00","6,103.12",37.50
3/15/2021,"6,200.00","6,350.00","6,150.00","6,325.00","6,276.78",66.88
3/16/2021,"6,325.00","6,375.00","6,200.00","6,225.00","6,177.55",28.07
3/17/2021,"6,225.00","6,225.00","6,100.00","6,100.00","6,053.50",22.35
3/18/2021,"6,200.00","6,325.00","6,150.00","6,275.00","6,227.17",44.14
3/19/2021,"6,250.00","6,275.00","6,150.00","6,150.00","6,103.12",29.81
3/22/2021,"6,175.00","6,225.00","6,075.00","6,100.00","6,053.50",20.26
3/23/2021,"6,100.00","6,200.00","6,075.00","6,100.00","6,053.50",19.49
3/24/2021,"6,050.00","6,100.00","5,950.00","5,950.00","5,904.64",32.25
3/25/2021,"6,000.00","6,000.00","5,875.00","5,900.00","5,855.02",23.34
3/26/2021,"5,975.00","6,100.00","5,900.00","6,050.00","6,003.88",18.94
3/29/2021,"6,050.00","6,150.00","6,000.00","6,050.00","6,003.88",17.23
3/30/2021,"6,000.00","6,050.00","5,775.00","5,800.00","5,755.79",40.32
3/31/2021,"5,800.00","5,850.00","5,550.00","5,725.00","5,681.36",43.93
4/1/2021,"5,725.00","5,825.00","5,625.00","5,675.00","5,631.74",21.30
4/5/2021,"5,775.00","5,800.00","5,675.00","5,750.00","5,706.17",14.93
4/6/2021,"5,800.00","5,900.00","5,750.00","5,825.00","5,780.60",18.01
4/7/2021,"5,900.00","5,900.00","5,725.00","5,775.00","5,730.98",17.59
4/8/2021,"5,750.00","5,825.00","5,725.00","5,800.00","5,800.00",16.24
4/9/2021,"5,850.00","6,100.00","5,825.00","6,000.00","6,000.00",49.64
4/12/2021,"6,025.00","6,050.00","5,825.00","5,850.00","5,850.00",21.85
4/13/2021,"5,850.00","5,875.00","5,725.00","5,800.00","5,800.00",18.31
4/14/2021,"5,825.00","5,950.00","5,800.00","5,900.00","5,900.00",21.32
4/15/2021,"5,950.00","6,025.00","5,900.00","5,975.00","5,975.00",17.98
4/16/2021,"6,025.00","6,050.00","5,875.00","5,950.00","5,950.00",17.67
4/19/2021,"5,900.00","5,975.00","5,825.00","5,875.00","5,875.00",11.92
4/20/2021,"5,875.00","5,925.00","5,800.00","5,925.00","5,925.00",8.27
4/21/2021,"5,875.00","5,875.00","5,750.00","5,775.00","5,775.00",13.23
4/22/2021,"5,800.00","5,825.00","5,650.00","5,675.00","5,675.00",28.61
4/23/2021,"5,675.00","5,800.00","5,675.00","5,775.00","5,775.00",18.79
4/26/2021,"5,850.00","5,850.00","5,700.00","5,725.00","5,725.00",14.88
4/27/2021,"5,800.00","5,900.00","5,750.00","5,900.00","5,900.00",30.80
4/28/2021,"5,900.00","5,900.00","5,800.00","5,825.00","5,825.00",17.43
4/29/2021,"5,875.00","5,925.00","5,825.00","5,875.00","5,875.00",11.30
4/30/2021,"5,875.00","5,875.00","5,650.00","5,700.00","5,700.00",25.91
5/3/2021,"5,700.00","5,725.00","5,550.00","5,575.00","5,575.00",23.71
5/4/2021,"5,575.00","5,625.00","5,525.00","5,625.00","5,625.00",17.24
5/5/2021,"5,650.00","5,725.00","5,600.00","5,675.00","5,675.00",19.02
5/6/2021,"5,750.00","5,775.00","5,675.00","5,700.00","5,700.00",15.39
5/7/2021,"5,750.00","5,750.00","5,600.00","5,600.00","5,600.00",14.55
5/10/2021,"5,600.00","5,650.00","5,550.00","5,575.00","5,575.00",14.19
5/11/2021,"5,575.00","5,575.00","5,500.00","5,525.00","5,525.00",12.56
5/17/2021,"5,575.00","5,650.00","5,450.00","5,500.00","5,500.00",26.89
5/18/2021,"5,500.00","5,550.00","5,400.00","5,450.00","5,450.00",13.03
5/19/2021,"5,400.00","5,425.00","5,200.00","5,250.00","5,250.00",29.20
5/20/2021,"5,200.00","5,325.00","5,175.00","5,250.00","5,250.00",23.66
5/21/2021,"5,300.00","5,400.00","5,250.00","5,325.00","5,325.00",25.86
5/24/2021,"5,375.00","5,375.00","5,300.00","5,300.00","5,300.00",14.55
5/25/2021,"5,300.00","5,500.00","5,300.00","5,325.00","5,325.00",23.94
5/27/2021,"5,375.00","5,500.00","5,150.00","5,150.00","5,150.00",80.85
5/28/2021,"5,275.00","5,300.00","5,200.00","5,200.00","5,200.00",21.59
5/31/2021,"5,225.00","5,500.00","5,200.00","5,400.00","5,400.00",34.77
6/2/2021,"5,500.00","5,575.00","5,425.00","5,550.00","5,550.00",38.32
6/3/2021,"5,575.00","5,750.00","5,475.00","5,750.00","5,750.00",27.43
6/4/2021,"5,700.00","5,750.00","5,600.00","5,625.00","5,625.00",30.12
6/7/2021,"5,625.00","5,650.00","5,475.00","5,525.00","5,525.00",14.64
6/8/2021,"5,550.00","5,575.00","5,475.00","5,525.00","5,525.00",19.54
6/9/2021,"5,575.00","5,650.00","5,500.00","5,625.00","5,625.00",15.53
6/10/2021,"5,650.00","5,700.00","5,600.00","5,675.00","5,675.00",18.49
6/11/2021,"5,675.00","5,700.00","5,600.00","5,675.00","5,675.00",18.60
6/14/2021,"5,675.00","5,675.00","5,525.00","5,550.00","5,550.00",18.53
6/15/2021,"5,550.00","5,575.00","5,500.00","5,525.00","5,525.00",14.25
6/16/2021,"5,500.00","5,525.00","5,325.00","5,375.00","5,375.00",20.90
6/17/2021,"5,350.00","5,350.00","5,225.00","5,250.00","5,250.00",25.66
6/18/2021,"5,225.00","5,225.00","4,890.00","4,940.00","4,940.00",154.78
6/21/2021,"4,890.00","4,990.00","4,780.00","4,970.00","4,970.00",53.19
6/22/2021,"5,000.00","5,025.00","4,910.00","4,950.00","4,950.00",36.79
6/23/2021,"4,970.00","4,970.00","4,850.00","4,850.00","4,850.00",39.58
6/24/2021,"4,850.00","4,890.00","4,790.00","4,820.00","4,820.00",29.24
6/25/2021,"4,820.00","4,880.00","4,760.00","4,760.00","4,760.00",27.94
6/28/2021,"4,750.00","4,750.00","4,580.00","4,580.00","4,580.00",53.98
6/29/2021,"4,580.00","4,660.00","4,560.00","4,580.00","4,580.00",25.53
